timestamp,ts_ms,open,high,low,close,volume,delta,cvd_proxy
2026-04-17 09:25,1776417900000,75834.2,76384.3,75834.2,76296.7,132.54534499,132.5453,132.5453
2026-04-17 09:30,1776418200000,76294.8,76339.7,75639.7,75724.3,12.34271777,-12.3427,120.2026
2026-04-17 09:35,1776418500000,75724.2,75741.3,75538.6,75634.9,13.62996704,-13.63,106.5727
2026-04-17 09:40,1776418800000,75656.1,75779.9,75656.1,75753.9,7.36744612,7.3674,113.9401
2026-04-17 09:45,1776419100000,75753.9,75852.6,75683.1,75736.8,22.02461301,-22.0246,91.9155
2026-04-17 09:50,1776419400000,75762.4,75889.9,75762.3,75889.9,4.92691799,4.9269,96.8424
2026-04-17 09:55,1776419700000,75870.7,75870.7,75764.8,75799.3,0.88162397,-0.8816,95.9608
2026-04-17 10:00,1776420000000,75795.3,75900.0,75699.6,75795.7,6.70807936,6.7081,102.6689
2026-04-17 10:05,1776420300000,75795.6,75846.5,75769.9,75769.9,10.44415855,-10.4442,92.2247
2026-04-17 10:10,1776420600000,75757.3,75757.3,75620.1,75636.6,3.69366879,-3.6937,88.531
2026-04-17 10:15,1776420900000,75630.5,75706.2,75630.5,75697.7,4.05499075,4.055,92.586
2026-04-17 10:20,1776421200000,75688.2,75719.9,75688.2,75713.6,6.12670802,6.1267,98.7127
2026-04-17 10:25,1776421500000,75713.5,75729.9,75263.2,75263.2,48.61428234,-48.6143,50.0985
2026-04-17 10:30,1776421800000,75259.6,75344.7,75126.2,75314.7,10.49642263,10.4964,60.5949
2026-04-17 10:35,1776422100000,75314.8,75381.9,75202.2,75216.4,31.87388013,-31.8739,28.721
2026-04-17 10:40,1776422400000,75214.8,75302.2,75186.7,75205.6,5.87409212,-5.8741,22.8469
2026-04-17 10:45,1776422700000,75201.7,75275.7,75148.4,75274.6,2.25039993,2.2504,25.0973
2026-04-17 10:50,1776423000000,75274.7,75306.1,75239.7,75297.9,1.99677963,1.9968,27.0941
2026-04-17 10:55,1776423300000,75301.6,75333.4,75260.8,75299.6,3.58567275,-3.5857,23.5084
2026-04-17 11:00,1776423600000,75299.7,75355.6,75259.4,75355.6,1.41983749,1.4198,24.9283
2026-04-17 11:05,1776423900000,75355.5,75423.3,75304.8,75398.3,10.49386177,10.4939,35.4221
2026-04-17 11:10,1776424200000,75387.1,75387.1,75337.9,75340.6,0.46999076,-0.47,34.9521
2026-04-17 11:15,1776424500000,75340.6,75489.2,75340.6,75446.8,5.82303017,5.823,40.7752
2026-04-17 11:20,1776424800000,75446.8,75496.4,75418.7,75470.6,2.42008761,2.4201,43.1952
2026-04-17 11:25,1776425100000,75470.6,75472.7,75470.5,75472.6,0.32216454,0.3222,43.5174
2026-04-17 11:30,1776425400000,75472.7,75591.7,75472.6,75559.8,7.50921038,7.5092,51.0266
2026-04-17 11:35,1776425700000,75559.8,75559.8,75509.1,75514.4,1.42565973,-1.4257,49.601
2026-04-17 11:40,1776426000000,75509.2,75509.2,75414.8,75414.8,1.10685359,-1.1069,48.4941
2026-04-17 11:45,1776426300000,75408.4,75489.9,75388.9,75489.9,2.70442924,2.7044,51.1985
2026-04-17 11:50,1776426600000,75489.8,75615.8,75489.8,75588.7,2.56537432,2.5654,53.7639
2026-04-17 11:55,1776426900000,75588.7,75620.6,75545.2,75610.9,1.66710707,1.6671,55.431
2026-04-17 12:00,1776427200000,75613.1,75643.7,75563.0,75595.0,2.422609,-2.4226,53.0084
2026-04-17 12:05,1776427500000,75595.0,75620.0,75588.5,75619.9,12.74615661,12.7462,65.7546
2026-04-17 12:10,1776427800000,75620.0,75719.9,75620.0,75707.0,3.5756508,3.5757,69.3302
2026-04-17 12:15,1776428100000,75707.1,75738.2,75682.8,75738.1,0.62957835,0.6296,69.9598
2026-04-17 12:20,1776428400000,75738.1,75800.0,75712.3,75800.0,3.29498704,3.295,73.2548
2026-04-17 12:25,1776428700000,75801.8,75978.5,75680.0,75786.0,14.37785766,-14.3779,58.8769
2026-04-17 12:30,1776429000000,75785.9,75923.1,75785.9,75840.0,3.32214452,3.3221,62.1991
2026-04-17 12:35,1776429300000,75840.0,75840.0,75680.0,75680.0,3.29480737,-3.2948,58.9043
2026-04-17 12:40,1776429600000,75680.1,75782.3,75680.0,75769.9,15.09979094,15.0998,74.004
2026-04-17 12:45,1776429900000,75769.8,76176.0,75769.8,76151.9,44.77294501,44.7729,118.777
2026-04-17 12:50,1776430200000,76152.0,76276.4,76015.4,76250.0,15.19194419,15.1919,133.9689
2026-04-17 12:55,1776430500000,76250.0,76300.3,76159.7,76266.0,34.53125936,34.5313,168.5002
2026-04-17 13:00,1776430800000,76266.0,76500.0,76102.0,76199.9,51.38672665,-51.3867,117.1135
2026-04-17 13:05,1776431100000,76199.9,76690.0,76148.6,76650.1,28.3517855,28.3518,145.4653
2026-04-17 13:10,1776431400000,76650.0,76919.7,76533.1,76919.7,44.22360452,44.2236,189.6889
2026-04-17 13:15,1776431700000,76923.0,76975.1,76700.0,76835.0,22.53222169,-22.5322,167.1566
2026-04-17 13:20,1776432000000,76848.6,76946.6,76755.9,76920.1,15.37056907,15.3706,182.5272
2026-04-17 13:25,1776432300000,76920.0,77000.0,76480.8,76632.6,46.56963982,-46.5696,135.9576
2026-04-17 13:30,1776432600000,76632.7,76667.7,76168.9,76557.0,55.80928495,-55.8093,80.1483
2026-04-17 13:35,1776432900000,76559.5,76646.9,76483.3,76588.5,25.33310525,25.3331,105.4814
2026-04-17 13:40,1776433200000,76587.3,76957.1,76543.7,76911.0,14.03997212,14.04,119.5214
2026-04-17 13:45,1776433500000,76943.3,77073.4,76686.0,77060.4,99.20685683,99.2069,218.7282
2026-04-17 13:50,1776433800000,77073.2,77377.3,76992.3,77320.4,50.23437413,50.2344,268.9626
2026-04-17 13:55,1776434100000,77325.8,77486.9,77186.1,77354.3,37.16176343,37.1618,306.1244
2026-04-17 14:00,1776434400000,77380.4,77564.2,77276.6,77366.7,34.96843698,-34.9684,271.1559
2026-04-17 14:05,1776434700000,77366.6,77377.1,77210.7,77220.0,19.68198386,-19.682,251.4739
2026-04-17 14:10,1776435000000,77220.1,77220.1,77060.5,77127.6,12.7495318,-12.7495,238.7244
2026-04-17 14:15,1776435300000,77127.7,77332.9,77127.6,77310.0,6.37123057,6.3712,245.0956
2026-04-17 14:20,1776435600000,77309.9,77718.1,77253.9,77611.7,32.50133097,32.5013,277.597
2026-04-17 14:25,1776435900000,77611.6,77777.0,77476.6,77476.7,59.8885722,-59.8886,217.7084
2026-04-17 14:30,1776436200000,77502.3,77808.3,77502.2,77797.8,22.71887094,22.7189,240.4273
2026-04-17 14:35,1776436500000,77808.2,77898.0,77692.4,77898.0,38.15717987,38.1572,278.5844
2026-04-17 14:40,1776436800000,77898.0,78082.2,77867.4,78028.2,103.30545021,103.3055,381.8899
2026-04-17 14:45,1776437100000,78028.3,78029.0,77820.8,77991.2,11.34016467,-11.3402,370.5497
2026-04-17 14:50,1776437400000,77992.9,78092.8,77852.2,77870.2,36.71431508,-36.7143,333.8354
2026-04-17 14:55,1776437700000,77875.7,78067.6,77763.5,77943.0,40.13250201,40.1325,373.9679
2026-04-17 15:00,1776438000000,77943.0,77988.0,77624.4,77747.9,19.71771264,-19.7177,354.2502
2026-04-17 15:05,1776438300000,77747.8,77867.9,77704.5,77852.1,51.7864064,51.7864,406.0366
2026-04-17 15:10,1776438600000,77852.1,78013.5,77851.4,77878.3,44.09713245,44.0971,450.1337
2026-04-17 15:15,1776438900000,77883.3,78037.0,77840.7,77889.8,20.32829809,20.3283,470.462
2026-04-17 15:20,1776439200000,77889.9,78027.9,77889.8,77922.8,24.46613792,24.4661,494.9282
2026-04-17 15:25,1776439500000,77922.8,77922.8,77722.4,77797.6,28.03466319,-28.0347,466.8935
2026-04-17 15:30,1776439800000,77786.8,77842.6,77700.1,77842.6,3.30257131,3.3026,470.1961
2026-04-17 15:35,1776440100000,77845.6,77876.7,77725.7,77749.5,7.24658538,-7.2466,462.9495
2026-04-17 15:40,1776440400000,77749.4,77756.2,77507.4,77564.6,25.86909486,-25.8691,437.0804
2026-04-17 15:45,1776440700000,77563.1,77700.0,77536.7,77565.3,13.3439247,13.3439,450.4243
2026-04-17 15:50,1776441000000,77536.8,77877.5,77500.0,77871.1,17.78019232,17.7802,468.2045
2026-04-17 15:55,1776441300000,77870.4,77927.0,77820.0,77834.2,17.37626701,-17.3763,450.8283
2026-04-17 16:00,1776441600000,77825.6,77980.8,77773.6,77932.1,32.73895979,32.739,483.5672
2026-04-17 16:05,1776441900000,77933.3,78059.5,77903.3,77913.6,17.74135469,-17.7414,465.8259
2026-04-17 16:10,1776442200000,77911.3,78082.0,77904.7,77911.1,22.97026582,-22.9703,442.8556
2026-04-17 16:15,1776442500000,77922.1,78041.3,77860.0,78015.1,16.57221987,16.5722,459.4278
2026-04-17 16:20,1776442800000,78015.0,78343.6,78007.5,78210.8,61.85816881,61.8582,521.286
2026-04-17 16:25,1776443100000,78202.0,78299.2,78173.0,78212.5,22.82946103,22.8295,544.1154
2026-04-17 16:30,1776443400000,78212.6,78312.0,78100.0,78158.0,38.95338461,-38.9534,505.1621
2026-04-17 16:35,1776443700000,78155.9,78309.9,78119.7,78209.5,12.60485154,12.6049,517.7669
2026-04-17 16:40,1776444000000,78211.7,78248.6,78017.2,78139.3,5.86152639,-5.8615,511.9054
2026-04-17 16:45,1776444300000,78130.1,78140.3,78000.0,78000.1,6.50061378,-6.5006,505.4048
2026-04-17 16:50,1776444600000,78000.1,78000.1,77862.7,77889.8,21.73977632,-21.7398,483.665
2026-04-17 16:55,1776444900000,77889.8,77902.1,77835.9,77893.6,6.48379493,6.4838,490.1488
2026-04-17 17:00,1776445200000,77893.6,77929.8,77825.8,77909.7,7.12652889,7.1265,497.2753
2026-04-17 17:05,1776445500000,77901.1,77901.1,77563.4,77615.9,11.85778586,-11.8578,485.4175
2026-04-17 17:10,1776445800000,77616.0,77636.7,77377.6,77545.6,36.57500954,-36.575,448.8425
2026-04-17 17:15,1776446100000,77544.4,77645.2,77528.4,77555.8,13.90534976,13.9053,462.7479
2026-04-17 17:20,1776446400000,77547.6,77547.6,77151.4,77247.3,27.55459833,-27.5546,435.1933
2026-04-17 17:25,1776446700000,77247.9,77291.7,77151.4,77291.5,20.12037578,20.1204,455.3136
2026-04-17 17:30,1776447000000,77291.6,77569.7,77275.3,77487.0,10.90030898,10.9003,466.214
2026-04-17 17:35,1776447300000,77483.1,77507.5,77389.4,77469.0,7.20321347,-7.2032,459.0107
2026-04-17 17:40,1776447600000,77469.2,77501.1,77418.7,77484.5,9.69632198,9.6963,468.7071
2026-04-17 17:45,1776447900000,77490.6,77702.3,77490.6,77608.3,18.86439319,18.8644,487.5715
2026-04-17 17:50,1776448200000,77608.4,77651.4,77516.7,77571.1,4.66832731,-4.6683,482.9031
2026-04-17 17:55,1776448500000,77571.1,77608.9,77473.1,77555.4,6.0771862,-6.0772,476.8259
2026-04-17 18:00,1776448800000,77555.3,77601.5,77343.3,77369.4,13.18862816,-13.1886,463.6373
2026-04-17 18:05,1776449100000,77365.6,77389.5,77250.0,77261.1,8.06264883,-8.0626,455.5747
2026-04-17 18:10,1776449400000,77268.7,77268.7,77120.7,77179.8,16.18757858,-16.1876,439.3871
2026-04-17 18:15,1776449700000,77179.8,77334.5,77179.8,77217.6,13.2708064,13.2708,452.6579
2026-04-17 18:20,1776450000000,77231.7,77301.1,77129.0,77301.0,8.28031041,8.2803,460.9382
2026-04-17 18:25,1776450300000,77301.0,77404.5,77225.1,77238.2,8.00885059,-8.0089,452.9294
2026-04-17 18:30,1776450600000,77240.9,77319.4,77170.6,77303.6,10.56233858,10.5623,463.4917
2026-04-17 18:35,1776450900000,77305.3,77398.5,77300.3,77398.5,5.21594101,5.2159,468.7076
2026-04-17 18:40,1776451200000,77398.2,77425.9,77350.1,77414.5,5.14608163,5.1461,473.8537
2026-04-17 18:45,1776451500000,77414.4,77414.5,77302.7,77302.8,11.78869087,-11.7887,462.065
2026-04-17 18:50,1776451800000,77302.8,77323.1,77141.0,77213.8,9.96416921,-9.9642,452.1009
2026-04-17 18:55,1776452100000,77212.9,77217.9,77118.1,77201.3,6.49670897,-6.4967,445.6041
2026-04-17 19:00,1776452400000,77194.7,77292.4,77159.3,77159.3,4.47094023,-4.4709,441.1332
2026-04-17 19:05,1776452700000,77163.6,77183.6,77053.8,77152.4,6.74868659,-6.7487,434.3845
2026-04-17 19:10,1776453000000,77152.5,77259.9,77148.2,77259.9,1.78845074,1.7885,436.173
2026-04-17 19:15,1776453300000,77259.9,77411.6,77259.9,77339.9,3.61339213,3.6134,439.7864
2026-04-17 19:20,1776453600000,77339.8,77419.2,77326.4,77381.5,2.13970291,2.1397,441.9261
2026-04-17 19:25,1776453900000,77381.6,77409.5,77295.7,77310.9,8.57487182,-8.5749,433.3512
2026-04-17 19:30,1776454200000,77306.3,77438.0,77306.3,77370.8,10.24759999,10.2476,443.5988
2026-04-17 19:35,1776454500000,77370.9,77420.3,77265.2,77376.4,19.14155355,19.1416,462.7403
2026-04-17 19:40,1776454800000,77376.3,77429.9,77337.9,77390.4,18.22834329,18.2283,480.9687
2026-04-17 19:45,1776455100000,77390.3,77391.6,77288.4,77391.6,16.41064102,16.4106,497.3793
2026-04-17 19:50,1776455400000,77391.6,77419.8,77350.1,77386.3,4.99483547,-4.9948,492.3845
2026-04-17 19:55,1776455700000,77396.1,77500.0,77396.1,77450.1,53.35393953,53.3539,545.7384
2026-04-17 20:00,1776456000000,77450.1,77596.5,77402.4,77591.0,11.17679202,11.1768,556.9152
2026-04-17 20:05,1776456300000,77596.4,77651.7,77587.0,77635.0,14.04539571,14.0454,570.9606
2026-04-17 20:10,1776456600000,77635.0,77635.1,77460.4,77569.9,14.05572634,-14.0557,556.9049
2026-04-17 20:15,1776456900000,77569.9,77569.9,77498.8,77519.9,1.24800304,-1.248,555.6569
2026-04-17 20:20,1776457200000,77516.1,77516.1,77413.0,77490.0,1.42082696,-1.4208,554.2361
2026-04-17 20:25,1776457500000,77489.9,77489.9,77404.5,77412.7,1.68169278,-1.6817,552.5544
2026-04-17 20:30,1776457800000,77412.8,77412.8,77200.1,77239.2,5.99784773,-5.9978,546.5565
2026-04-17 20:35,1776458100000,77221.8,77252.8,77207.1,77252.8,1.82944155,1.8294,548.386
2026-04-17 20:40,1776458400000,77259.9,77302.1,77234.9,77285.2,0.81427415,0.8143,549.2002
2026-04-17 20:45,1776458700000,77285.2,77349.9,77257.4,77349.9,1.99776655,1.9978,551.198
2026-04-17 20:50,1776459000000,77347.3,77365.4,77324.4,77351.0,7.72896464,7.729,558.927
2026-04-17 20:55,1776459300000,77349.3,77390.8,77341.5,77376.2,1.89899251,1.899,560.826
2026-04-17 21:00,1776459600000,77376.2,77448.7,77365.6,77393.6,2.75844592,2.7584,563.5844
2026-04-17 21:05,1776459900000,77393.6,77427.5,77379.8,77387.3,1.77533761,-1.7753,561.8091
2026-04-17 21:10,1776460200000,77387.3,77439.9,77387.2,77409.7,3.08545451,3.0855,564.8945
2026-04-17 21:15,1776460500000,77409.7,77409.7,77320.9,77397.8,4.04913885,-4.0491,560.8454
2026-04-17 21:20,1776460800000,77397.8,77500.0,77397.7,77465.7,0.85890336,0.8589,561.7043
2026-04-17 21:25,1776461100000,77463.9,77485.1,77426.3,77469.9,0.94093982,0.9409,562.6452
2026-04-17 21:30,1776461400000,77469.8,77469.9,77396.8,77396.9,2.86452334,-2.8645,559.7807
2026-04-17 21:35,1776461700000,77396.9,77412.5,77307.1,77307.1,4.58302414,-4.583,555.1977
2026-04-17 21:40,1776462000000,77307.1,77449.9,77307.1,77419.9,4.0006419,4.0006,559.1983
2026-04-17 21:45,1776462300000,77419.8,77453.2,77398.9,77429.9,0.93529676,0.9353,560.1336
2026-04-17 21:50,1776462600000,77429.9,77480.0,77429.9,77479.9,4.2376233,4.2376,564.3712
2026-04-17 21:55,1776462900000,77480.0,77500.0,77479.9,77480.1,15.31743259,15.3174,579.6887
2026-04-17 22:00,1776463200000,77480.1,77500.0,77435.3,77498.9,6.15115029,6.1512,585.8398
2026-04-17 22:05,1776463500000,77494.9,77539.9,77494.9,77539.9,2.94816752,2.9482,588.788
2026-04-17 22:10,1776463800000,77539.9,77544.2,77450.0,77450.1,2.34317338,-2.3432,586.4448
2026-04-17 22:15,1776464100000,77450.1,77475.1,77350.1,77388.0,4.620308,-4.6203,581.8245
2026-04-17 22:20,1776464400000,77386.9,77441.8,77361.6,77425.1,8.02324762,8.0232,589.8478
2026-04-17 22:25,1776464700000,77425.1,77450.0,77399.3,77432.0,1.08184286,1.0818,590.9296
2026-04-17 22:30,1776465000000,77432.1,77495.8,77381.7,77489.9,1.67566387,1.6757,592.6053
2026-04-17 22:35,1776465300000,77489.9,77489.9,77405.6,77415.0,0.73218649,-0.7322,591.8731
2026-04-17 22:40,1776465600000,77415.0,77479.9,77414.9,77442.9,3.42766137,3.4277,595.3007
2026-04-17 22:45,1776465900000,77442.6,77449.2,77381.6,77381.7,4.50781379,-4.5078,590.7929
2026-04-17 22:50,1776466200000,77381.7,77429.8,77381.6,77410.6,0.69117341,0.6912,591.4841
2026-04-17 22:55,1776466500000,77410.5,77410.6,77308.2,77330.7,2.2767774,-2.2768,589.2073
2026-04-17 23:00,1776466800000,77330.7,77330.7,77293.6,77293.6,1.83583239,-1.8358,587.3715
2026-04-17 23:05,1776467100000,77293.5,77293.6,77238.5,77238.6,2.04619594,-2.0462,585.3253
2026-04-17 23:10,1776467400000,77238.6,77240.3,77215.0,77232.1,4.46101285,-4.461,580.8643
2026-04-17 23:15,1776467700000,77232.0,77232.1,76882.5,76942.7,41.03913726,-41.0391,539.8252
2026-04-17 23:20,1776468000000,76930.6,77054.5,76930.0,77009.9,14.43933743,14.4393,554.2645
2026-04-17 23:25,1776468300000,77009.7,77080.6,77009.7,77071.7,6.69429828,6.6943,560.9588
2026-04-17 23:30,1776468600000,77071.6,77144.5,77071.6,77071.7,0.72504469,0.725,561.6838
2026-04-17 23:35,1776468900000,77060.7,77078.9,76999.1,77031.9,24.79147736,-24.7915,536.8924
2026-04-17 23:40,1776469200000,77028.6,77104.7,77020.2,77050.8,2.8609299,2.8609,539.7533
2026-04-17 23:45,1776469500000,77050.8,77149.9,77050.7,77140.9,1.05253606,1.0525,540.8058
2026-04-17 23:50,1776469800000,77140.9,77148.3,77117.3,77117.4,0.40410724,-0.4041,540.4017
2026-04-17 23:55,1776470100000,77117.4,77149.8,77117.3,77117.4,3.56477289,3.5648,543.9665
2026-04-18 00:00,1776470400000,77117.4,77225.4,77064.4,77213.2,9.39675986,9.3968,553.3632
2026-04-18 00:05,1776470700000,77213.3,77213.3,77107.9,77118.2,2.2106218,-2.2106,551.1526
2026-04-18 00:10,1776471000000,77118.1,77180.8,77118.1,77125.0,0.68225813,0.6823,551.8349
2026-04-18 00:15,1776471300000,77125.1,77255.8,77125.0,77231.8,3.06820656,3.0682,554.9031
2026-04-18 00:20,1776471600000,77231.8,77231.8,77179.0,77204.1,0.63457908,-0.6346,554.2685
2026-04-18 00:25,1776471900000,77204.1,77231.8,77204.0,77231.8,0.81725602,0.8173,555.0858
2026-04-18 00:30,1776472200000,77231.8,77273.8,77085.2,77085.2,0.88971617,-0.8897,554.196
2026-04-18 00:35,1776472500000,77085.2,77149.6,77079.9,77095.3,4.4605451,4.4605,558.6566
2026-04-18 00:40,1776472800000,77081.1,77117.8,77063.4,77063.4,1.22542808,-1.2254,557.4312
2026-04-18 00:45,1776473100000,77054.2,77181.9,77025.9,77181.8,2.6298819,2.6299,560.061
2026-04-18 00:50,1776473400000,77181.9,77209.9,77159.7,77209.9,0.82793601,0.8279,560.889
2026-04-18 00:55,1776473700000,77209.9,77237.5,77170.4,77186.0,1.73730999,-1.7373,559.1517
2026-04-18 01:00,1776474000000,77185.9,77210.4,77153.0,77210.4,2.52413418,2.5241,561.6758
2026-04-18 01:05,1776474300000,77210.4,77239.9,77210.4,77229.9,1.72481126,1.7248,563.4006
2026-04-18 01:10,1776474600000,77229.9,77347.3,77223.4,77347.3,1.51644503,1.5164,564.9171
2026-04-18 01:15,1776474900000,77347.2,77358.9,77304.3,77358.9,3.18689963,3.1869,568.104
2026-04-18 01:20,1776475200000,77358.9,77359.0,77306.7,77313.2,0.60736766,-0.6074,567.4966
2026-04-18 01:25,1776475500000,77313.1,77350.7,77313.1,77319.9,3.25446859,3.2545,570.7511
2026-04-18 01:30,1776475800000,77319.9,77320.6,77289.4,77289.4,1.36887938,-1.3689,569.3822
2026-04-18 01:35,1776476100000,77289.3,77295.2,77237.9,77238.0,1.38340011,-1.3834,567.9988
2026-04-18 01:40,1776476400000,77244.9,77295.0,77234.1,77234.1,4.02500836,-4.025,563.9738
2026-04-18 01:45,1776476700000,77234.2,77317.2,77219.9,77219.9,3.40202225,-3.402,560.5718
2026-04-18 01:50,1776477000000,77220.0,77250.0,77217.3,77217.4,0.86671992,-0.8667,559.705
2026-04-18 01:55,1776477300000,77217.4,77250.0,77190.0,77247.7,1.55725775,1.5573,561.2623
2026-04-18 02:00,1776477600000,77247.7,77247.7,77163.9,77181.0,2.10479821,-2.1048,559.1575
2026-04-18 02:05,1776477900000,77181.1,77288.3,77181.0,77286.2,0.48291087,0.4829,559.6404
2026-04-18 02:10,1776478200000,77286.1,77293.3,77254.5,77293.3,1.31486532,1.3149,560.9553
2026-04-18 02:15,1776478500000,77295.0,77382.6,77295.0,77382.6,0.3536349,0.3536,561.3089
2026-04-18 02:20,1776478800000,77382.6,77432.1,77358.7,77368.9,4.21911059,-4.2191,557.0898
2026-04-18 02:25,1776479100000,77368.8,77374.7,77338.0,77350.2,0.66801629,-0.668,556.4218
2026-04-18 02:30,1776479400000,77350.2,77350.2,77306.8,77306.9,0.41261543,-0.4126,556.0092
2026-04-18 02:35,1776479700000,77306.8,77394.2,77287.4,77386.6,0.61611183,0.6161,556.6253
2026-04-18 02:40,1776480000000,77386.5,77409.9,77333.7,77333.8,0.77826085,-0.7783,555.847
2026-04-18 02:45,1776480300000,77333.7,77349.8,77325.9,77328.4,1.22348436,-1.2235,554.6235
2026-04-18 02:50,1776480600000,77328.4,77335.8,77307.7,77335.8,0.45953415,0.4595,555.0831
2026-04-18 02:55,1776480900000,77335.7,77339.2,77323.3,77326.4,0.23379549,-0.2338,554.8493
2026-04-18 03:00,1776481200000,77326.5,77326.5,77279.2,77321.1,0.75377573,-0.7538,554.0955
2026-04-18 03:05,1776481500000,77321.1,77321.1,77297.3,77320.6,0.5114554,-0.5115,553.584
2026-04-18 03:10,1776481800000,77320.6,77320.6,77297.3,77297.4,0.34348797,-0.3435,553.2405
2026-04-18 03:15,1776482100000,77297.4,77297.4,77263.8,77263.9,0.55426948,-0.5543,552.6863
2026-04-18 03:20,1776482400000,77263.8,77263.9,77263.8,77263.8,0.22899961,0.229,552.9153
2026-04-18 03:25,1776482700000,77263.8,77263.9,77201.4,77204.3,0.31154388,-0.3115,552.6037
2026-04-18 03:30,1776483000000,77204.2,77221.1,77163.5,77200.0,1.40123572,-1.4012,551.2025
2026-04-18 03:35,1776483300000,77200.0,77214.6,77173.8,77211.0,0.75295412,0.753,551.9555
2026-04-18 03:40,1776483600000,77188.1,77188.1,77177.2,77179.4,0.13736275,-0.1374,551.8181
2026-04-18 03:45,1776483900000,77179.3,77188.1,77179.3,77188.1,3.64963937,3.6496,555.4677
2026-04-18 03:50,1776484200000,77188.1,77221.6,77053.5,77053.5,0.78924054,-0.7892,554.6785
2026-04-18 03:55,1776484500000,77053.6,77075.0,77007.3,77010.4,2.22587088,-2.2259,552.4526
2026-04-18 04:00,1776484800000,77010.4,77060.2,77007.3,77060.1,3.94698267,3.947,556.3996
2026-04-18 04:05,1776485100000,77060.2,77109.8,77060.2,77109.4,2.36142883,2.3614,558.761
2026-04-18 04:10,1776485400000,77109.5,77125.4,77091.9,77113.4,0.38641969,0.3864,559.1474
2026-04-18 04:15,1776485700000,77113.3,77113.4,77022.7,77057.2,5.73229536,-5.7323,553.4152
2026-04-18 04:20,1776486000000,77057.2,77057.2,77022.7,77029.8,0.92178821,-0.9218,552.4934
2026-04-18 04:25,1776486300000,77029.8,77032.5,76982.3,77030.9,1.94737326,1.9474,554.4407
2026-04-18 04:30,1776486600000,77030.8,77030.8,76938.8,76960.8,2.10330679,-2.1033,552.3374
2026-04-18 04:35,1776486900000,76960.8,77070.8,76960.7,77069.8,1.13618653,1.1362,553.4736
2026-04-18 04:40,1776487200000,77069.8,77099.9,77028.8,77028.8,2.59162486,-2.5916,550.882
2026-04-18 04:45,1776487500000,77014.3,77074.4,77014.3,77074.4,3.37584012,3.3758,554.2578
2026-04-18 04:50,1776487800000,77074.4,77132.3,77074.4,77132.3,0.69304535,0.693,554.9509
2026-04-18 04:55,1776488100000,77132.3,77194.1,77106.8,77154.0,1.63765912,1.6377,556.5885
2026-04-18 05:00,1776488400000,77154.1,77201.9,77154.0,77196.8,5.44320808,5.4432,562.0317
2026-04-18 05:05,1776488700000,77196.8,77249.3,77196.8,77249.3,1.20673069,1.2067,563.2385
2026-04-18 05:10,1776489000000,77249.3,77279.9,77232.5,77234.7,7.14327384,-7.1433,556.0952
2026-04-18 05:15,1776489300000,77234.7,77246.0,77234.6,77236.8,0.19732243,0.1973,556.2925
2026-04-18 05:20,1776489600000,77236.8,77236.8,77175.6,77198.8,1.47492425,-1.4749,554.8176
2026-04-18 05:25,1776489900000,77198.7,77204.0,77182.0,77191.5,0.1568256,-0.1568,554.6608
2026-04-18 05:30,1776490200000,77191.5,77191.6,77161.3,77170.2,0.64609369,-0.6461,554.0147
2026-04-18 05:35,1776490500000,77174.6,77199.9,77152.2,77199.9,1.22087791,1.2209,555.2356
2026-04-18 05:40,1776490800000,77199.9,77199.9,77166.4,77182.6,0.2916328,-0.2916,554.9439
2026-04-18 05:45,1776491100000,77182.6,77186.8,77154.2,77168.0,0.41989907,-0.4199,554.524
2026-04-18 05:50,1776491400000,77167.9,77174.8,77167.9,77174.7,0.1840784,0.1841,554.7081
2026-04-18 05:55,1776491700000,77174.7,77174.8,77174.7,77174.7,0.02874662,0.0287,554.7369
2026-04-18 06:00,1776492000000,77174.8,77196.3,77159.3,77159.3,2.60053097,-2.6005,552.1363
2026-04-18 06:05,1776492300000,77159.4,77183.6,77145.1,77183.6,0.25206645,0.2521,552.3884
2026-04-18 06:10,1776492600000,77183.6,77233.1,77183.5,77202.9,0.72899541,0.729,553.1174
2026-04-18 06:15,1776492900000,77202.8,77202.9,77199.9,77199.9,0.54770454,-0.5477,552.5697
2026-04-18 06:20,1776493200000,77199.9,77199.9,77140.0,77140.0,0.18834564,-0.1883,552.3813
2026-04-18 06:25,1776493500000,77140.0,77140.1,77081.3,77121.9,1.50212331,-1.5021,550.8792
2026-04-18 06:30,1776493800000,77121.9,77122.0,77121.3,77122.0,0.08843715,0.0884,550.9676
2026-04-18 06:35,1776494100000,77121.9,77169.9,77121.9,77137.0,2.83721201,2.8372,553.8049
2026-04-18 06:40,1776494400000,77137.0,77164.4,77137.0,77164.4,0.12794786,0.1279,553.9328
2026-04-18 06:45,1776494700000,77164.3,77178.9,77149.8,77149.9,0.2938037,-0.2938,553.639
2026-04-18 06:50,1776495000000,77149.8,77149.9,77149.7,77149.7,0.56410893,-0.5641,553.0749
2026-04-18 06:55,1776495300000,77149.8,77151.3,77146.0,77151.3,2.34654171,2.3465,555.4214
2026-04-18 07:00,1776495600000,77151.3,77151.3,77121.3,77129.9,0.73850786,-0.7385,554.6829
2026-04-18 07:05,1776495900000,77129.9,77131.3,77113.2,77113.2,0.64102518,-0.641,554.0419
2026-04-18 07:10,1776496200000,77113.3,77114.0,77112.0,77112.0,6.32036886,-6.3204,547.7215
2026-04-18 07:15,1776496500000,77112.0,77112.1,77079.2,77079.3,1.17496786,-1.175,546.5466
2026-04-18 07:20,1776496800000,77079.3,77112.5,77074.3,77106.1,0.61567691,0.6157,547.1622
2026-04-18 07:25,1776497100000,77106.1,77114.9,77106.0,77114.8,0.27051593,0.2705,547.4328
2026-04-18 07:30,1776497400000,77114.9,77114.9,77106.0,77106.0,0.04790876,-0.0479,547.3849
2026-04-18 07:35,1776497700000,77106.0,77106.1,77060.8,77060.9,2.11707177,-2.1171,545.2678
2026-04-18 07:40,1776498000000,77060.8,77060.9,77000.0,77032.9,2.22695151,-2.227,543.0408
2026-04-18 07:45,1776498300000,77047.0,77047.1,77002.5,77002.5,1.68250927,-1.6825,541.3583
2026-04-18 07:50,1776498600000,77002.5,77002.6,76929.0,76974.4,2.14941588,-2.1494,539.2089
2026-04-18 07:55,1776498900000,76974.4,76999.8,76960.0,76999.7,1.6162628,1.6163,540.8252
2026-04-18 08:00,1776499200000,76999.8,77041.5,76999.7,77029.9,1.11245733,1.1125,541.9376
2026-04-18 08:05,1776499500000,77029.9,77030.3,76993.7,77009.2,1.92170189,-1.9217,540.0159
2026-04-18 08:10,1776499800000,77009.2,77009.2,76840.9,76840.9,18.22350941,-18.2235,521.7924
2026-04-18 08:15,1776500100000,76840.9,76880.0,76685.8,76880.0,23.05262882,23.0526,544.845
2026-04-18 08:20,1776500400000,76880.0,76880.0,76680.1,76704.8,8.70011211,-8.7001,536.1449
2026-04-18 08:25,1776500700000,76704.7,76731.2,76680.1,76724.3,2.17896455,2.179,538.3239
2026-04-18 08:30,1776501000000,76724.3,76777.9,76640.0,76640.1,3.40568746,-3.4057,534.9182
2026-04-18 08:35,1776501300000,76640.1,76660.4,76533.1,76634.8,12.10108292,-12.1011,522.8171
2026-04-18 08:40,1776501600000,76634.7,76634.8,76533.1,76554.8,1.77517555,-1.7752,521.0419
2026-04-18 08:45,1776501900000,76554.8,76721.7,76554.8,76685.3,1.71375078,1.7138,522.7557
2026-04-18 08:50,1776502200000,76685.4,76739.0,76685.3,76739.0,5.78791716,5.7879,528.5436
2026-04-18 08:55,1776502500000,76749.8,76799.8,76749.8,76766.2,3.80543834,3.8054,532.3491
2026-04-18 09:00,1776502800000,76766.3,76766.3,76626.4,76668.3,1.27949911,-1.2795,531.0696
2026-04-18 09:05,1776503100000,76668.4,76718.8,76468.2,76479.6,6.25199383,-6.252,524.8176
2026-04-18 09:10,1776503400000,76480.4,76599.9,76480.4,76548.7,1.94951376,1.9495,526.7671
2026-04-18 09:15,1776503700000,76548.8,76556.0,76452.2,76500.6,12.97190039,-12.9719,513.7952
2026-04-18 09:20,1776504000000,76487.4,76522.3,76487.3,76496.5,0.439908,0.4399,514.2351
2026-04-18 09:25,1776504300000,76496.5,76597.6,76496.4,76597.6,1.22366359,1.2237,515.4587
2026-04-18 09:30,1776504600000,76597.5,76682.3,76597.5,76682.2,1.20284963,1.2028,516.6616
2026-04-18 09:35,1776504900000,76682.3,76682.3,76623.9,76627.3,0.55764755,-0.5576,516.1039
2026-04-18 09:40,1776505200000,76627.3,76650.7,76627.3,76642.9,0.62170839,0.6217,516.7257
2026-04-18 09:45,1776505500000,76642.9,76699.9,76642.9,76699.9,3.14468295,3.1447,519.8703
2026-04-18 09:50,1776505800000,76699.8,76699.9,76585.7,76600.7,24.34742794,-24.3474,495.5229
2026-04-18 09:55,1776506100000,76600.8,76619.9,76556.4,76619.9,13.63209609,13.6321,509.155
2026-04-18 10:00,1776506400000,76619.9,76619.9,76413.9,76413.9,3.38365167,-3.3837,505.7714
2026-04-18 10:05,1776506700000,76413.8,76445.7,76300.0,76300.1,41.446365,-41.4464,464.325
2026-04-18 10:10,1776507000000,76300.1,76346.4,76258.1,76318.1,5.35504962,5.355,469.68
2026-04-18 10:15,1776507300000,76318.2,76392.4,76318.2,76374.9,1.75886572,1.7589,471.4389
2026-04-18 10:20,1776507600000,76374.9,76409.9,76331.7,76353.0,13.10028138,-13.1003,458.3386
2026-04-18 10:25,1776507900000,76353.0,76369.0,76325.2,76344.5,2.99109024,-2.9911,455.3475
2026-04-18 10:30,1776508200000,76344.6,76344.6,76254.0,76295.6,1.26538276,-1.2654,454.0822
2026-04-18 10:35,1776508500000,76295.5,76308.3,76265.0,76289.8,1.76994801,-1.7699,452.3122
2026-04-18 10:40,1776508800000,76289.9,76319.8,76272.5,76272.6,0.6351772,-0.6352,451.677
2026-04-18 10:45,1776509100000,76272.5,76310.0,76217.1,76276.9,3.09549357,3.0955,454.7725
2026-04-18 10:50,1776509400000,76276.9,76276.9,76194.0,76194.0,1.8489657,-1.849,452.9236
2026-04-18 10:55,1776509700000,76194.1,76194.1,76160.4,76194.1,2.27166463,2.2717,455.1952
2026-04-18 11:00,1776510000000,76197.0,76199.9,76098.5,76132.4,8.44625473,-8.4463,446.749
2026-04-18 11:05,1776510300000,76132.3,76132.4,75950.0,75996.2,23.12863695,-23.1286,423.6203
2026-04-18 11:10,1776510600000,75996.3,76065.3,75972.0,75994.7,1.76334614,-1.7633,421.857
2026-04-18 11:15,1776510900000,75994.6,76073.1,75972.0,76063.7,1.23438115,1.2344,423.0914
2026-04-18 11:20,1776511200000,76063.8,76100.3,76055.1,76100.2,0.96359859,0.9636,424.055
2026-04-18 11:25,1776511500000,76100.3,76100.3,76059.4,76079.9,0.49535602,-0.4954,423.5596
2026-04-18 11:30,1776511800000,76079.8,76191.3,76079.8,76140.8,3.05422916,3.0542,426.6138
2026-04-18 11:35,1776512100000,76140.8,76140.8,75884.4,75884.4,2.65921449,-2.6592,423.9546
2026-04-18 11:40,1776512400000,75883.8,75883.8,75802.0,75850.1,15.96200332,-15.962,407.9926
2026-04-18 11:45,1776512700000,75850.2,75901.8,75842.8,75879.7,2.1048976,2.1049,410.0975
2026-04-18 11:50,1776513000000,75875.0,76025.8,75860.5,76022.7,7.09981016,7.0998,417.1973
2026-04-18 11:55,1776513300000,76022.7,76094.3,75973.2,76068.5,5.01221502,5.0122,422.2095
2026-04-18 12:00,1776513600000,76068.5,76249.9,76068.5,76246.4,5.8409503,5.841,428.0505
2026-04-18 12:05,1776513900000,76246.4,76246.4,76176.9,76221.1,4.96230772,-4.9623,423.0882
2026-04-18 12:10,1776514200000,76221.1,76221.1,76168.0,76219.9,9.96926265,-9.9693,413.1189
2026-04-18 12:15,1776514500000,76219.9,76305.5,76219.8,76255.4,5.8545198,5.8545,418.9734
2026-04-18 12:20,1776514800000,76255.5,76255.5,76168.0,76223.0,3.20363772,-3.2036,415.7698
2026-04-18 12:25,1776515100000,76223.0,76223.0,76179.0,76179.1,0.26721004,-0.2672,415.5026
2026-04-18 12:30,1776515400000,76179.0,76217.0,76151.6,76217.0,0.63055868,0.6306,416.1331
2026-04-18 12:35,1776515700000,76216.9,76216.9,76102.3,76102.4,0.56132146,-0.5613,415.5718
2026-04-18 12:40,1776516000000,76102.3,76184.5,76087.7,76184.5,0.39301641,0.393,415.9648
2026-04-18 12:45,1776516300000,76184.4,76247.9,76184.4,76246.7,4.79364991,4.7936,420.7585
2026-04-18 12:50,1776516600000,76246.8,76280.1,76246.8,76260.1,1.54874555,1.5487,422.3072
2026-04-18 12:55,1776516900000,76260.0,76273.7,76215.6,76232.0,2.06695349,-2.067,420.2403
2026-04-18 13:00,1776517200000,76232.1,76232.1,76184.5,76184.5,0.54170109,-0.5417,419.6986
2026-04-18 13:05,1776517500000,76184.5,76199.1,76174.3,76184.7,3.71496914,3.715,423.4136
2026-04-18 13:10,1776517800000,76184.7,76189.9,76184.6,76186.7,0.19747778,0.1975,423.611
2026-04-18 13:15,1776518100000,76186.7,76186.7,76091.8,76133.6,0.48667199,-0.4867,423.1244
2026-04-18 13:20,1776518400000,76133.6,76226.5,76133.6,76166.0,0.80701411,0.807,423.9314
2026-04-18 13:25,1776518700000,76166.0,76172.6,76103.3,76119.9,1.06348522,-1.0635,422.8679
2026-04-18 13:30,1776519000000,76119.9,76119.9,76024.2,76024.2,2.65566041,-2.6557,420.2122
2026-04-18 13:35,1776519300000,76024.2,76024.3,75911.2,75911.2,17.26706931,-17.2671,402.9452
2026-04-18 13:40,1776519600000,75911.1,75985.8,75827.8,75972.2,15.58567989,15.5857,418.5308
2026-04-18 13:45,1776519900000,75972.3,76052.4,75917.2,76052.4,19.75906677,19.7591,438.2899
2026-04-18 13:50,1776520200000,76052.4,76179.9,76052.3,76179.8,0.79529848,0.7953,439.0852
2026-04-18 13:55,1776520500000,76179.8,76179.8,76134.9,76150.0,1.25166903,-1.2517,437.8335
2026-04-18 14:00,1776520800000,76143.4,76186.3,76140.6,76140.9,2.3520337,-2.352,435.4815
2026-04-18 14:05,1776521100000,76140.9,76193.2,76107.9,76158.3,3.00318283,3.0032,438.4847
2026-04-18 14:10,1776521400000,76158.2,76175.1,76158.2,76175.0,0.29965063,0.2997,438.7843
2026-04-18 14:15,1776521700000,76175.1,76194.8,76175.0,76194.8,0.46016792,0.4602,439.2445
2026-04-18 14:20,1776522000000,76194.8,76196.8,76014.3,76049.2,6.30957186,-6.3096,432.9349
2026-04-18 14:25,1776522300000,76049.2,76175.6,76049.1,76175.6,1.6319564,1.632,434.5669
2026-04-18 14:30,1776522600000,76175.5,76231.0,76175.5,76230.9,2.80656405,2.8066,437.3735
2026-04-18 14:35,1776522900000,76230.9,76285.5,76230.9,76285.5,4.11060098,4.1106,441.4841
2026-04-18 14:40,1776523200000,76276.1,76298.3,76203.2,76213.3,4.56229163,-4.5623,436.9218
2026-04-18 14:45,1776523500000,76213.4,76249.5,76189.4,76216.5,1.11910731,1.1191,438.0409
2026-04-18 14:50,1776523800000,76216.4,76279.9,76216.4,76269.1,2.12731429,2.1273,440.1682
2026-04-18 14:55,1776524100000,76269.1,76281.5,76269.0,76281.2,2.87039038,2.8704,443.0386
2026-04-18 15:00,1776524400000,76281.3,76397.1,76262.0,76340.7,9.70442543,9.7044,452.743
2026-04-18 15:05,1776524700000,76340.6,76340.6,76236.7,76242.2,0.49972046,-0.4997,452.2433
2026-04-18 15:10,1776525000000,76242.2,76255.1,76160.8,76255.0,3.37106199,3.3711,455.6143
2026-04-18 15:15,1776525300000,76254.9,76255.0,76171.7,76182.7,1.63285491,-1.6329,453.9815
2026-04-18 15:20,1776525600000,76182.8,76260.4,76180.5,76260.4,0.76439082,0.7644,454.7459
2026-04-18 15:25,1776525900000,76260.4,76289.3,76225.8,76233.9,0.94079547,-0.9408,453.8051
2026-04-18 15:30,1776526200000,76233.9,76258.5,76207.3,76239.0,1.5378714,1.5379,455.343
2026-04-18 15:35,1776526500000,76239.0,76239.0,76194.1,76206.8,2.45955591,-2.4596,452.8834
2026-04-18 15:40,1776526800000,76206.7,76206.8,76155.2,76155.2,1.4405249,-1.4405,451.4429
2026-04-18 15:45,1776527100000,76155.2,76169.0,76148.6,76148.6,0.59174003,-0.5917,450.8511
2026-04-18 15:50,1776527400000,76148.7,76157.0,76053.0,76134.3,5.37666589,-5.3767,445.4745
2026-04-18 15:55,1776527700000,76134.2,76200.7,76134.2,76200.7,1.28676106,1.2868,446.7612
2026-04-18 16:00,1776528000000,76200.7,76200.7,76061.8,76065.5,2.84035087,-2.8404,443.9209
2026-04-18 16:05,1776528300000,76065.4,76151.4,76065.4,76151.4,2.51568014,2.5157,446.4366
2026-04-18 16:10,1776528600000,76151.4,76242.6,76151.3,76240.3,2.48811599,2.4881,448.9247
2026-04-18 16:15,1776528900000,76231.4,76231.4,75734.7,76012.2,51.47514645,-51.4751,397.4495
2026-04-18 16:20,1776529200000,76012.3,76129.9,75950.3,76071.7,4.2614169,4.2614,401.7109
2026-04-18 16:25,1776529500000,76071.6,76130.1,76071.6,76129.8,0.36695798,0.367,402.0779
2026-04-18 16:30,1776529800000,76129.9,76132.8,76032.0,76070.9,0.52167596,-0.5217,401.5562
2026-04-18 16:35,1776530100000,76070.9,76099.9,76070.9,76092.7,0.26058447,0.2606,401.8168
2026-04-18 16:40,1776530400000,76092.7,76092.7,76035.4,76035.5,0.59267575,-0.5927,401.2241
2026-04-18 16:45,1776530700000,76035.5,76038.6,75958.6,75962.4,2.71068883,-2.7107,398.5134
2026-04-18 16:50,1776531000000,75962.4,75962.4,75906.3,75923.9,1.40457039,-1.4046,397.1089
2026-04-18 16:55,1776531300000,75923.9,75972.7,75918.4,75972.7,8.56167766,8.5617,405.6706
2026-04-18 17:00,1776531600000,75972.7,75972.7,75909.8,75939.9,0.73259232,-0.7326,404.938
2026-04-18 17:05,1776531900000,75939.9,75940.0,75837.9,75889.9,4.41069278,-4.4107,400.5273
2026-04-18 17:10,1776532200000,75889.9,75974.0,75820.4,75859.8,5.7386908,-5.7387,394.7886
2026-04-18 17:15,1776532500000,75859.9,75917.7,75859.8,75892.4,0.98733964,0.9873,395.7759
2026-04-18 17:20,1776532800000,75892.5,75912.5,75826.9,75854.4,0.76658132,-0.7666,395.0093
2026-04-18 17:25,1776533100000,75854.4,75903.1,75854.3,75882.3,0.46700129,0.467,395.4763
2026-04-18 17:30,1776533400000,75882.3,75903.0,75882.0,75902.3,6.17101397,6.171,401.6473
2026-04-18 17:35,1776533700000,75902.4,75903.0,75902.3,75902.9,0.37368141,0.3737,402.021
2026-04-18 17:40,1776534000000,75903.0,75913.2,75902.9,75913.1,0.56874395,0.5687,402.5898
2026-04-18 17:45,1776534300000,75913.1,75924.4,75913.0,75920.9,1.09221612,1.0922,403.682
2026-04-18 17:50,1776534600000,75920.9,75922.4,75904.3,75904.4,0.49645085,-0.4965,403.1855
2026-04-18 17:55,1776534900000,75904.3,75904.4,75856.7,75856.8,0.57531999,-0.5753,402.6102
2026-04-18 18:00,1776535200000,75856.8,75856.8,75738.3,75779.9,4.2246703,-4.2247,398.3855
2026-04-18 18:05,1776535500000,75779.8,75845.8,75755.2,75845.8,1.84349071,1.8435,400.229
2026-04-18 18:10,1776535800000,75845.7,75845.8,75825.0,75826.1,1.42721113,-1.4272,398.8018
2026-04-18 18:15,1776536100000,75826.0,75826.1,75642.7,75653.8,12.03665434,-12.0367,386.7652
2026-04-18 18:20,1776536400000,75653.7,75720.7,75653.7,75662.2,4.37877717,4.3788,391.144
2026-04-18 18:25,1776536700000,75662.2,75709.9,75647.0,75700.9,1.60904821,1.609,392.753
2026-04-18 18:30,1776537000000,75700.9,75701.0,75600.0,75642.7,8.85565797,-8.8557,383.8973
2026-04-18 18:35,1776537300000,75642.7,75663.0,75569.6,75591.1,3.81295291,-3.813,380.0844
2026-04-18 18:40,1776537600000,75591.0,75613.2,75500.0,75589.0,10.95320134,-10.9532,369.1312
2026-04-18 18:45,1776537900000,75588.9,75747.5,75588.9,75697.4,2.25260831,2.2526,371.3838
2026-04-18 18:50,1776538200000,75697.4,75715.1,75584.7,75584.7,4.34666603,-4.3467,367.0371
2026-04-18 18:55,1776538500000,75576.1,75682.3,75576.0,75682.3,12.46747031,12.4675,379.5046
2026-04-18 19:00,1776538800000,75682.3,75758.6,75656.5,75725.9,2.44167448,2.4417,381.9463
2026-04-18 19:05,1776539100000,75725.8,75800.3,75708.7,75771.4,1.05084976,1.0508,382.9971
2026-04-18 19:10,1776539400000,75771.4,75799.9,75771.3,75775.4,1.27370326,1.2737,384.2708
2026-04-18 19:15,1776539700000,75775.3,75816.1,75775.3,75783.5,1.07301137,1.073,385.3438
2026-04-18 19:20,1776540000000,75783.4,75783.5,75670.6,75670.7,0.25322518,-0.2532,385.0906
2026-04-18 19:25,1776540300000,75670.6,75727.8,75670.6,75727.8,1.63768456,1.6377,386.7283
2026-04-18 19:30,1776540600000,75727.7,75727.8,75650.0,75650.0,0.28589845,-0.2859,386.4424
2026-04-18 19:35,1776540900000,75650.1,75652.7,75619.9,75637.1,0.45880965,-0.4588,385.9836
2026-04-18 19:40,1776541200000,75637.0,75637.1,75623.9,75625.2,0.7157006,-0.7157,385.2679
2026-04-18 19:45,1776541500000,75625.1,75652.7,75618.0,75652.7,0.50810634,0.5081,385.776
2026-04-18 19:50,1776541800000,75652.6,75652.7,75622.9,75622.9,0.77971385,-0.7797,384.9963
2026-04-18 19:55,1776542100000,75623.0,75686.9,75622.9,75686.8,1.50047137,1.5005,386.4968
2026-04-18 20:00,1776542400000,75686.9,75686.9,75629.9,75654.7,2.20660241,-2.2066,384.2902
2026-04-18 20:05,1776542700000,75654.8,75737.3,75654.7,75725.9,1.17943622,1.1794,385.4696
2026-04-18 20:10,1776543000000,75725.9,75731.6,75685.6,75721.0,1.3077028,-1.3077,384.1619
2026-04-18 20:15,1776543300000,75720.9,75806.8,75713.9,75713.9,1.99570285,-1.9957,382.1662
2026-04-18 20:20,1776543600000,75713.9,75743.3,75700.0,75723.4,1.30501477,1.305,383.4712
2026-04-18 20:25,1776543900000,75723.5,75754.3,75723.4,75752.1,2.91780767,2.9178,386.389
2026-04-18 20:30,1776544200000,75752.2,75773.3,75752.1,75762.6,0.64433571,0.6443,387.0333
2026-04-18 20:35,1776544500000,75762.6,75779.9,75737.0,75770.6,1.6291715,1.6292,388.6625
2026-04-18 20:40,1776544800000,75770.6,75819.9,75770.6,75812.1,2.98713926,2.9871,391.6497
2026-04-18 20:45,1776545100000,75812.2,75861.1,75812.1,75835.0,2.1393093,2.1393,393.789
2026-04-18 20:50,1776545400000,75834.9,75868.2,75809.5,75829.9,5.71460941,-5.7146,388.0744
2026-04-18 20:55,1776545700000,75829.8,75829.9,75768.8,75786.5,2.56707192,-2.5671,385.5073
2026-04-18 21:00,1776546000000,75786.5,75869.8,75786.4,75834.0,1.21809177,1.2181,386.7254
2026-04-18 21:05,1776546300000,75834.1,75858.2,75816.8,75858.2,1.19048982,1.1905,387.9159
2026-04-18 21:10,1776546600000,75858.2,75858.2,75743.1,75768.8,2.11809363,-2.1181,385.7978
2026-04-18 21:15,1776546900000,75755.1,75774.0,75666.5,75666.5,0.47771082,-0.4777,385.3201
2026-04-18 21:20,1776547200000,75666.6,75666.6,75635.5,75666.5,0.81770252,-0.8177,384.5024
2026-04-18 21:25,1776547500000,75666.5,75750.1,75666.4,75750.1,0.91357901,0.9136,385.4159
2026-04-18 21:30,1776547800000,75750.0,75753.0,75750.0,75753.0,0.20157822,0.2016,385.6175
2026-04-18 21:35,1776548100000,75753.0,75753.0,75705.7,75721.5,0.38890556,-0.3889,385.2286
2026-04-18 21:40,1776548400000,75721.5,75753.0,75714.4,75753.0,0.30422394,0.3042,385.5328
2026-04-18 21:45,1776548700000,75753.0,75816.9,75752.9,75805.5,1.02479195,1.0248,386.5576
2026-04-18 21:50,1776549000000,75804.9,75827.5,75793.0,75804.9,1.67785758,1.6779,388.2355
2026-04-18 21:55,1776549300000,75804.9,75842.6,75804.9,75842.6,0.5317579,0.5318,388.7672
2026-04-18 22:00,1776549600000,75842.6,75842.6,75707.7,75708.7,2.97247564,-2.9725,385.7948
2026-04-18 22:05,1776549900000,75708.7,75708.7,75653.6,75666.8,0.56745953,-0.5675,385.2273
2026-04-18 22:10,1776550200000,75666.8,75679.9,75651.7,75651.7,3.47693712,-3.4769,381.7504
2026-04-18 22:15,1776550500000,75651.8,75679.9,75651.7,75679.9,3.60414936,3.6041,385.3545
2026-04-18 22:20,1776550800000,75679.9,75727.6,75679.8,75727.6,2.41958071,2.4196,387.7741
2026-04-18 22:25,1776551100000,75727.6,75730.0,75727.5,75730.0,0.11691846,0.1169,387.891
2026-04-18 22:30,1776551400000,75730.0,75837.7,75729.9,75827.6,1.50661954,1.5066,389.3976
2026-04-18 22:35,1776551700000,75827.6,75827.6,75773.7,75779.5,1.37469335,-1.3747,388.0229
2026-04-18 22:40,1776552000000,75779.4,75808.4,75776.8,75797.0,0.60885312,0.6089,388.6318
2026-04-18 22:45,1776552300000,75797.1,75879.8,75797.1,75866.0,1.18682526,1.1868,389.8186
2026-04-18 22:50,1776552600000,75866.0,75883.0,75841.3,75841.6,1.33824704,-1.3382,388.4804
2026-04-18 22:55,1776552900000,75841.5,75850.1,75816.9,75850.0,2.02277218,2.0228,390.5031
2026-04-18 23:00,1776553200000,75850.1,75883.5,75850.0,75883.4,0.34789539,0.3479,390.851
2026-04-18 23:05,1776553500000,75883.5,75905.9,75883.4,75883.5,0.43742762,0.4374,391.2885
2026-04-18 23:10,1776553800000,75883.5,75883.5,75860.3,75865.6,2.36309582,-2.3631,388.9254
2026-04-18 23:15,1776554100000,75865.6,75879.2,75851.8,75851.8,1.0070456,-1.007,387.9183
2026-04-18 23:20,1776554400000,75851.9,75852.1,75851.8,75852.1,0.05703682,0.057,387.9754
2026-04-18 23:25,1776554700000,75852.0,75852.5,75850.0,75852.5,2.08224788,2.0822,390.0576
2026-04-18 23:30,1776555000000,75852.4,75852.5,75781.3,75781.4,0.78924579,-0.7892,389.2684
2026-04-18 23:35,1776555300000,75781.4,75794.5,75738.8,75738.8,1.47455987,-1.4746,387.7938
2026-04-18 23:40,1776555600000,75738.9,75778.3,75738.9,75778.2,1.14634384,1.1463,388.9401
2026-04-18 23:45,1776555900000,75778.3,75779.9,75778.2,75779.8,0.15918593,0.1592,389.0993
2026-04-18 23:50,1776556200000,75779.9,75780.1,75744.6,75744.6,0.95955037,-0.9596,388.1398
2026-04-18 23:55,1776556500000,75744.7,75744.7,75728.7,75728.8,0.40881839,-0.4088,387.731
2026-04-19 00:00,1776556800000,75728.8,75769.9,75727.5,75769.9,8.22849994,8.2285,395.9595
2026-04-19 00:05,1776557100000,75769.8,75840.4,75769.8,75840.4,1.20301521,1.203,397.1625
2026-04-19 00:10,1776557400000,75858.4,75863.5,75801.4,75801.5,0.5214434,-0.5214,396.641
2026-04-19 00:15,1776557700000,75801.5,75801.5,75727.5,75736.3,8.20625383,-8.2063,388.4348
2026-04-19 00:20,1776558000000,75736.3,75753.5,75602.6,75622.8,2.50088093,-2.5009,385.9339
2026-04-19 00:25,1776558300000,75622.7,75650.5,75622.7,75642.4,0.29399516,0.294,386.2279
2026-04-19 00:30,1776558600000,75642.4,75652.5,75632.0,75632.1,0.3391733,-0.3392,385.8887
2026-04-19 00:35,1776558900000,75632.1,75632.1,75601.0,75611.4,2.09875084,-2.0988,383.79
2026-04-19 00:40,1776559200000,75611.5,75611.5,75595.4,75605.0,0.20820572,-0.2082,383.5818
2026-04-19 00:45,1776559500000,75605.0,75706.9,75604.9,75706.9,0.39492565,0.3949,383.9767
2026-04-19 00:50,1776559800000,75706.9,75707.0,75684.1,75684.8,0.21494295,-0.2149,383.7617
2026-04-19 00:55,1776560100000,75684.7,75699.2,75670.8,75699.2,1.29184376,1.2918,385.0536
2026-04-19 01:00,1776560400000,75699.2,75808.6,75699.2,75784.1,0.6821833,0.6822,385.7358
2026-04-19 01:05,1776560700000,75784.0,75784.0,75714.7,75714.7,0.36614634,-0.3661,385.3696
2026-04-19 01:10,1776561000000,75711.3,75711.3,75650.9,75691.7,3.20122275,-3.2012,382.1684
2026-04-19 01:15,1776561300000,75691.7,75691.7,75650.0,75650.1,2.87592495,-2.8759,379.2925
2026-04-19 01:20,1776561600000,75650.1,75650.1,75628.3,75628.3,0.37687848,-0.3769,378.9156
2026-04-19 01:25,1776561900000,75628.3,75628.3,75584.4,75584.4,0.34273484,-0.3427,378.5729
2026-04-19 01:30,1776562200000,75584.4,75584.4,75514.0,75553.6,5.48789841,-5.4879,373.085
2026-04-19 01:35,1776562500000,75553.6,75598.2,75553.5,75562.4,1.24102078,1.241,374.326
2026-04-19 01:40,1776562800000,75556.5,75579.9,75556.5,75579.9,0.84700818,0.847,375.173
2026-04-19 01:45,1776563100000,75579.9,75601.1,75579.9,75601.1,0.17944922,0.1794,375.3524
2026-04-19 01:50,1776563400000,75601.1,75643.5,75601.0,75643.4,2.35233568,2.3523,377.7048
2026-04-19 01:55,1776563700000,75643.5,75643.5,75643.4,75643.5,0.07859107,0.0786,377.7834
2026-04-19 02:00,1776564000000,75643.5,75643.5,75620.7,75622.6,0.53611415,-0.5361,377.2473
2026-04-19 02:05,1776564300000,75622.6,75622.8,75622.5,75622.8,0.41603076,0.416,377.6633
2026-04-19 02:10,1776564600000,75622.7,75641.9,75622.7,75641.9,0.3689659,0.369,378.0323
2026-04-19 02:15,1776564900000,75641.9,75685.0,75641.9,75678.6,0.30227332,0.3023,378.3345
2026-04-19 02:20,1776565200000,75678.6,75688.6,75514.0,75514.1,10.28658191,-10.2866,368.0479
2026-04-19 02:25,1776565500000,75514.0,75541.6,75454.5,75510.2,55.09841415,-55.0984,312.9495
2026-04-19 02:30,1776565800000,75510.1,75547.6,75482.4,75510.3,0.76877784,0.7688,313.7183
2026-04-19 02:35,1776566100000,75510.3,75564.5,75510.3,75564.4,1.38727037,1.3873,315.1056
2026-04-19 02:40,1776566400000,75564.4,75736.9,75564.4,75687.8,1.29214073,1.2921,316.3977
2026-04-19 02:45,1776566700000,75687.8,75708.2,75615.7,75615.8,0.37961837,-0.3796,316.0181
2026-04-19 02:50,1776567000000,75615.8,75615.8,75601.5,75601.6,0.15260638,-0.1526,315.8655
2026-04-19 02:55,1776567300000,75601.6,75601.6,75538.5,75538.5,0.39921799,-0.3992,315.4663
2026-04-19 03:00,1776567600000,75538.5,75541.6,75474.7,75486.7,20.72737742,-20.7274,294.7389
2026-04-19 03:05,1776567900000,75494.2,75501.9,75407.3,75458.6,2.06527263,-2.0653,292.6736
2026-04-19 03:10,1776568200000,75458.5,75555.6,75458.5,75555.6,0.75552414,0.7555,293.4292
2026-04-19 03:15,1776568500000,75559.9,75581.0,75529.3,75529.3,0.57118689,-0.5712,292.858
2026-04-19 03:20,1776568800000,75529.4,75539.7,75510.1,75518.4,0.44476265,-0.4448,292.4132
2026-04-19 03:25,1776569100000,75518.4,75539.8,75518.3,75539.8,0.41445425,0.4145,292.8277
2026-04-19 03:30,1776569400000,75539.9,75581.0,75532.3,75575.2,0.44804951,0.448,293.2757
2026-04-19 03:35,1776569700000,75575.3,75645.2,75575.3,75604.3,0.58274014,0.5827,293.8584
2026-04-19 03:40,1776570000000,75604.4,75629.9,75604.3,75629.9,0.19342502,0.1934,294.0519
2026-04-19 03:45,1776570300000,75629.9,75656.0,75629.9,75655.9,0.71269809,0.7127,294.7646
2026-04-19 03:50,1776570600000,75656.0,75662.7,75633.3,75643.9,0.82738643,-0.8274,293.9372
2026-04-19 03:55,1776570900000,75643.8,75648.7,75554.7,75554.7,0.73047829,-0.7305,293.2067
2026-04-19 04:00,1776571200000,75554.8,75625.0,75554.7,75625.0,0.98168117,0.9817,294.1884
2026-04-19 04:05,1776571500000,75625.0,75662.7,75625.0,75652.5,2.08910711,2.0891,296.2775
2026-04-19 04:10,1776571800000,75652.5,75769.9,75652.5,75733.5,3.62416303,3.6242,299.9017
2026-04-19 04:15,1776572100000,75733.5,75802.1,75733.4,75766.7,2.77134144,2.7713,302.673
2026-04-19 04:20,1776572400000,75766.7,75771.3,75751.4,75751.5,0.44626006,-0.4463,302.2267
2026-04-19 04:25,1776572700000,75751.5,75751.5,75699.3,75718.3,0.54792861,-0.5479,301.6788
2026-04-19 04:30,1776573000000,75718.2,75718.2,75613.3,75652.6,1.96927337,-1.9693,299.7095
2026-04-19 04:35,1776573300000,75652.6,75683.1,75652.5,75664.3,0.80685353,0.8069,300.5164
2026-04-19 04:40,1776573600000,75664.3,75664.3,75459.7,75549.9,5.08902553,-5.089,295.4274
2026-04-19 04:45,1776573900000,75549.9,75655.9,75549.9,75655.9,0.74088467,0.7409,296.1683
2026-04-19 04:50,1776574200000,75655.9,75727.4,75655.8,75700.1,0.49658799,0.4966,296.6648
2026-04-19 04:55,1776574500000,75700.0,75700.0,75688.0,75688.1,0.10470325,-0.1047,296.5601
2026-04-19 05:00,1776574800000,75688.1,75688.3,75573.8,75573.8,4.85774888,-4.8577,291.7024
2026-04-19 05:05,1776575100000,75573.9,75575.5,75573.8,75575.5,0.09755298,0.0976,291.7999
2026-04-19 05:10,1776575400000,75575.5,75580.1,75575.5,75580.1,0.13283848,0.1328,291.9328
2026-04-19 05:15,1776575700000,75580.1,75580.3,75563.9,75580.2,0.44053224,0.4405,292.3733
2026-04-19 05:20,1776576000000,75580.3,75589.6,75580.3,75589.6,0.64736156,0.6474,293.0207
2026-04-19 05:25,1776576300000,75589.5,75589.6,75589.5,75589.6,0.47797465,0.478,293.4986
2026-04-19 05:30,1776576600000,75589.5,75682.5,75589.5,75679.9,0.68727511,0.6873,294.1859
2026-04-19 05:35,1776576900000,75679.9,75689.9,75662.1,75669.3,0.30065673,-0.3007,293.8853
2026-04-19 05:40,1776577200000,75669.4,75669.4,75638.7,75638.7,0.32782499,-0.3278,293.5574
2026-04-19 05:45,1776577500000,75638.8,75638.8,75624.8,75624.9,1.09849544,-1.0985,292.4589
2026-04-19 05:50,1776577800000,75624.8,75624.9,75594.5,75594.5,0.24640531,-0.2464,292.2125
2026-04-19 05:55,1776578100000,75594.5,75594.6,75580.5,75580.6,0.10357895,-0.1036,292.109
2026-04-19 06:00,1776578400000,75580.6,75580.6,75500.1,75503.1,2.89529622,-2.8953,289.2137
2026-04-19 06:05,1776578700000,75503.0,75536.5,75452.8,75452.9,2.33322186,-2.3332,286.8804
2026-04-19 06:10,1776579000000,75452.8,75475.6,75441.1,75441.1,0.4447091,-0.4447,286.4357
2026-04-19 06:15,1776579300000,75441.0,75441.0,75334.4,75398.0,7.37027846,-7.3703,279.0655
2026-04-19 06:20,1776579600000,75397.9,75458.2,75397.9,75449.9,1.04069507,1.0407,280.1062
2026-04-19 06:25,1776579900000,75449.8,75449.9,75449.8,75449.8,0.21571483,0.2157,280.3219
2026-04-19 06:30,1776580200000,75449.8,75490.8,75449.8,75490.8,1.4493103,1.4493,281.7712
2026-04-19 06:35,1776580500000,75495.1,75495.2,75495.0,75495.0,1.4198788,-1.4199,280.3513
2026-04-19 06:40,1776580800000,75495.1,75495.1,75456.6,75456.7,1.8540207,-1.854,278.4973
2026-04-19 06:45,1776581100000,75456.7,75456.7,75442.5,75442.5,0.08379294,-0.0838,278.4135
2026-04-19 06:50,1776581400000,75442.6,75449.9,75441.4,75441.4,1.29961657,-1.2996,277.1139
2026-04-19 06:55,1776581700000,75441.3,75441.4,75412.8,75412.9,0.11844354,-0.1184,276.9954
2026-04-19 07:00,1776582000000,75412.9,75412.9,75378.8,75378.9,4.43019685,-4.4302,272.5652
2026-04-19 07:05,1776582300000,75378.9,75396.8,75271.7,75271.7,1.47695063,-1.477,271.0883
2026-04-19 07:10,1776582600000,75271.7,75309.7,75270.6,75270.6,3.71138664,-3.7114,267.3769
2026-04-19 07:15,1776582900000,75275.0,75275.1,75120.2,75168.5,10.89133634,-10.8913,256.4856
2026-04-19 07:20,1776583200000,75168.5,75175.3,74934.4,75049.1,46.17114651,-46.1711,210.3144
2026-04-19 07:25,1776583500000,75049.1,75056.3,75014.2,75024.4,3.0573314,-3.0573,207.2571
2026-04-19 07:30,1776583800000,75024.5,75126.9,75024.4,75116.3,2.14396457,2.144,209.401
2026-04-19 07:35,1776584100000,75116.3,75130.7,75075.0,75100.1,1.59102896,-1.591,207.81
2026-04-19 07:40,1776584400000,75100.2,75278.9,75100.1,75249.7,5.42187752,5.4219,213.2319
2026-04-19 07:45,1776584700000,75249.8,75249.8,75213.2,75213.2,0.60712414,-0.6071,212.6248
2026-04-19 07:50,1776585000000,75213.2,75280.3,75190.6,75280.3,1.1229985,1.123,213.7478
2026-04-19 07:55,1776585300000,75280.3,75324.0,75280.3,75295.4,0.58273675,0.5827,214.3305
2026-04-19 08:00,1776585600000,75295.5,75295.5,75238.6,75250.4,0.58381563,-0.5838,213.7467
2026-04-19 08:05,1776585900000,75250.3,75250.6,75233.1,75250.6,4.04359424,4.0436,217.7903
2026-04-19 08:10,1776586200000,75250.6,75303.9,75250.5,75303.9,0.24692989,0.2469,218.0372
2026-04-19 08:15,1776586500000,75303.9,75309.9,75276.2,75278.7,0.67543213,-0.6754,217.3618
2026-04-19 08:20,1776586800000,75278.7,75278.7,75242.4,75242.5,0.12708305,-0.1271,217.2347
2026-04-19 08:25,1776587100000,75242.4,75244.7,75200.0,75200.0,2.70611949,-2.7061,214.5286
2026-04-19 08:30,1776587400000,75200.0,75200.1,75139.8,75157.0,4.60088136,-4.6009,209.9277
2026-04-19 08:35,1776587700000,75157.1,75278.1,75157.1,75274.8,0.4629829,0.463,210.3907
2026-04-19 08:40,1776588000000,75274.7,75274.7,75262.0,75265.1,0.18239998,-0.1824,210.2083
2026-04-19 08:45,1776588300000,75265.1,75274.2,75265.1,75274.2,2.0447518,2.0448,212.253
2026-04-19 08:50,1776588600000,75274.9,75291.4,75225.6,75291.0,6.59280205,6.5928,218.8458
2026-04-19 08:55,1776588900000,75291.0,75291.1,75261.2,75282.3,2.46982219,-2.4698,216.376
2026-04-19 09:00,1776589200000,75282.3,75289.9,75261.3,75261.3,0.56652103,-0.5665,215.8095
2026-04-19 09:05,1776589500000,75261.4,75289.9,75229.0,75229.0,0.35503989,-0.355,215.4544
2026-04-19 09:10,1776589800000,75229.0,75230.6,75229.0,75230.5,0.08331314,0.0833,215.5378
2026-04-19 09:15,1776590100000,75230.5,75230.6,75170.6,75170.7,0.33618514,-0.3362,215.2016
2026-04-19 09:20,1776590400000,75170.6,75170.7,75075.0,75082.6,1.66441581,-1.6644,213.5372
2026-04-19 09:25,1776590700000,75082.6,75160.3,75015.3,75122.6,1.32007132,1.3201,214.8572
2026-04-19 09:30,1776591000000,75122.5,75187.1,75122.5,75155.5,0.63301987,0.633,215.4902
2026-04-19 09:35,1776591300000,75155.5,75169.3,75094.3,75099.1,5.02265303,-5.0227,210.4676
2026-04-19 09:40,1776591600000,75099.2,75119.9,75099.1,75119.9,0.3106357,0.3106,210.7782
2026-04-19 09:45,1776591900000,75119.8,75119.9,74963.6,75031.9,0.50483305,-0.5048,210.2734
2026-04-19 09:50,1776592200000,75032.0,75058.5,75004.3,75058.5,0.60943222,0.6094,210.8828
2026-04-19 09:55,1776592500000,75058.5,75060.0,75025.7,75047.1,0.74652312,-0.7465,210.1363
2026-04-19 10:00,1776592800000,75047.1,75118.9,74987.8,75096.5,1.73187569,1.7319,211.8682
2026-04-19 10:05,1776593100000,75096.4,75096.4,75010.2,75021.6,2.80739609,-2.8074,209.0608
2026-04-19 10:10,1776593400000,75021.7,75084.1,75021.6,75072.0,0.90218543,0.9022,209.963
2026-04-19 10:15,1776593700000,75072.0,75072.0,75021.8,75039.2,12.16832945,-12.1683,197.7946
2026-04-19 10:20,1776594000000,75039.2,75114.6,75039.1,75086.3,0.63107902,0.6311,198.4257
2026-04-19 10:25,1776594300000,75086.4,75139.9,75086.3,75110.4,0.88886508,0.8889,199.3146
2026-04-19 10:30,1776594600000,75110.5,75115.1,75110.4,75115.1,0.55593148,0.5559,199.8705
2026-04-19 10:35,1776594900000,75115.0,75115.1,75085.1,75104.2,6.19767426,-6.1977,193.6728
2026-04-19 10:40,1776595200000,75104.2,75112.5,75085.8,75112.4,0.27802523,0.278,193.9509
2026-04-19 10:45,1776595500000,75112.4,75136.5,75093.2,75136.5,0.6126353,0.6126,194.5635
2026-04-19 10:50,1776595800000,75136.5,75240.2,75136.5,75227.6,0.61579442,0.6158,195.1793
2026-04-19 10:55,1776596100000,75227.6,75265.0,75227.5,75264.9,0.34273377,0.3427,195.522
2026-04-19 11:00,1776596400000,75265.0,75265.1,75264.9,75264.9,0.11805036,-0.1181,195.404
2026-04-19 11:05,1776596700000,75265.0,75481.5,75264.9,75481.5,6.19614372,6.1961,201.6001
2026-04-19 11:10,1776597000000,75474.9,75475.0,75379.5,75429.9,0.7166123,-0.7166,200.8835
2026-04-19 11:15,1776597300000,75429.9,75580.0,75429.9,75470.9,7.30326385,7.3033,208.1868
2026-04-19 11:20,1776597600000,75471.0,75471.0,75401.4,75420.3,2.52187591,-2.5219,205.6649
2026-04-19 11:25,1776597900000,75420.4,75477.5,75416.1,75419.6,7.75823155,-7.7582,197.9067
2026-04-19 11:30,1776598200000,75419.5,75506.6,75419.5,75444.4,1.16113688,1.1611,199.0678
2026-04-19 11:35,1776598500000,75444.4,75496.6,75444.4,75487.8,0.88929538,0.8893,199.9571
2026-04-19 11:40,1776598800000,75487.8,75548.8,75487.8,75548.7,0.22219042,0.2222,200.1793
2026-04-19 11:45,1776599100000,75548.7,75571.4,75548.7,75571.3,0.47552964,0.4755,200.6548
2026-04-19 11:50,1776599400000,75571.3,75647.7,75554.7,75638.4,4.25636954,4.2564,204.9112
2026-04-19 11:55,1776599700000,75641.5,75647.8,75592.2,75626.5,0.31747791,-0.3175,204.5937
2026-04-19 12:00,1776600000000,75626.5,75665.4,75626.2,75636.6,1.7362917,1.7363,206.33
2026-04-19 12:05,1776600300000,75665.6,75695.7,75626.3,75668.3,4.71317163,4.7132,211.0432
2026-04-19 12:10,1776600600000,75690.4,75690.4,75563.9,75689.4,3.60279148,-3.6028,207.4404
2026-04-19 12:15,1776600900000,75694.0,75725.2,75694.0,75694.7,9.22400985,9.224,216.6644
2026-04-19 12:20,1776601200000,75694.7,75694.7,75611.8,75611.8,6.58142191,-6.5814,210.083
2026-04-19 12:25,1776601500000,75613.4,75613.4,75552.3,75558.1,2.56766441,-2.5677,207.5153
2026-04-19 12:30,1776601800000,75568.7,75575.4,75548.7,75575.4,0.88961568,0.8896,208.4049
2026-04-19 12:35,1776602100000,75575.4,75575.4,75510.3,75548.7,3.0086919,-3.0087,205.3962
2026-04-19 12:40,1776602400000,75529.9,75532.9,75458.4,75532.9,2.43978538,2.4398,207.836
2026-04-19 12:45,1776602700000,75532.9,75546.1,75489.6,75518.5,2.18441277,-2.1844,205.6516
2026-04-19 12:50,1776603000000,75518.6,75590.2,75518.5,75589.4,0.48509437,0.4851,206.1367
2026-04-19 12:55,1776603300000,75589.5,75700.1,75589.5,75625.4,0.94577201,0.9458,207.0825
2026-04-19 13:00,1776603600000,75625.4,75711.7,75611.2,75711.7,2.76070952,2.7607,209.8432
2026-04-19 13:05,1776603900000,75711.7,75801.9,75711.6,75800.0,3.39313829,3.3931,213.2363
2026-04-19 13:10,1776604200000,75800.0,75800.0,75724.9,75799.9,1.11147019,-1.1115,212.1248
2026-04-19 13:15,1776604500000,75799.9,76116.7,75784.7,76074.9,21.71905552,21.7191,233.8439
2026-04-19 13:20,1776604800000,76074.8,76274.6,75974.6,76070.5,4.2454043,-4.2454,229.5985
2026-04-19 13:25,1776605100000,76070.4,76155.5,76057.1,76058.0,1.59279308,-1.5928,228.0057
2026-04-19 13:30,1776605400000,76058.0,76144.3,76000.1,76049.6,6.50697805,-6.507,221.4987
2026-04-19 13:35,1776605700000,76045.4,76071.5,75988.9,76071.1,4.06634487,4.0663,225.5651
2026-04-19 13:40,1776606000000,76071.1,76071.2,76027.3,76055.0,0.40724609,-0.4072,225.1578
2026-04-19 13:45,1776606300000,76055.0,76055.0,75929.6,75971.8,2.40678476,-2.4068,222.751
2026-04-19 13:50,1776606600000,75971.8,75979.6,75958.3,75974.5,3.26442792,3.2644,226.0155
2026-04-19 13:55,1776606900000,75964.5,75964.6,75919.5,75950.7,6.71715273,-6.7172,219.2983
2026-04-19 14:00,1776607200000,75950.7,76045.5,75816.5,75816.5,5.86867486,-5.8687,213.4296
2026-04-19 14:05,1776607500000,75816.5,75816.6,75724.9,75732.3,5.33486692,-5.3349,208.0948
2026-04-19 14:10,1776607800000,75732.3,75828.2,75732.2,75828.1,1.25870032,1.2587,209.3535
2026-04-19 14:15,1776608100000,75828.2,75931.8,75800.1,75884.9,2.74027056,2.7403,212.0937
2026-04-19 14:20,1776608400000,75885.0,75923.9,75850.0,75923.6,0.23636921,0.2364,212.3301
2026-04-19 14:25,1776608700000,75923.6,76054.0,75923.5,75989.6,1.60243768,1.6024,213.9326
2026-04-19 14:30,1776609000000,75989.7,76017.9,75848.6,75890.7,4.25798474,-4.258,209.6746
2026-04-19 14:35,1776609300000,75890.6,75959.5,75845.3,75959.5,1.27695415,1.277,210.9515
2026-04-19 14:40,1776609600000,75969.2,76025.4,75969.2,76013.9,0.93591933,0.9359,211.8874
2026-04-19 14:45,1776609900000,76013.9,76164.3,75970.9,76123.8,1.38646716,1.3865,213.2739
2026-04-19 14:50,1776610200000,76127.6,76167.6,76038.5,76038.5,0.82469408,-0.8247,212.4492
2026-04-19 14:55,1776610500000,76038.6,76079.3,76030.0,76055.1,2.46531608,2.4653,214.9145
2026-04-19 15:00,1776610800000,76055.1,76066.4,75933.4,76041.0,2.31200172,-2.312,212.6025
2026-04-19 15:05,1776611100000,76040.9,76041.0,75954.7,76003.9,1.21726423,-1.2173,211.3853
2026-04-19 15:10,1776611400000,76003.8,76082.8,76003.8,76064.5,1.2588902,1.2589,212.6442
2026-04-19 15:15,1776611700000,76064.6,76192.5,76026.7,76100.6,1.69748543,1.6975,214.3416
2026-04-19 15:20,1776612000000,76100.6,76117.6,75933.4,76012.4,1.56016058,-1.5602,212.7815
2026-04-19 15:25,1776612300000,76012.3,76023.3,75976.3,75992.6,0.68534279,-0.6853,212.0961
2026-04-19 15:30,1776612600000,75992.5,76008.3,75763.8,75786.8,2.91052198,-2.9105,209.1856
2026-04-19 15:35,1776612900000,75770.4,75770.4,75450.0,75687.0,5.44279452,-5.4428,203.7428
2026-04-19 15:40,1776613200000,75687.0,75780.0,75658.8,75776.8,1.50633662,1.5063,205.2492
2026-04-19 15:45,1776613500000,75776.7,75880.0,75743.4,75880.0,0.57317196,0.5732,205.8223
2026-04-19 15:50,1776613800000,75881.9,75902.7,75767.5,75880.8,1.37268092,-1.3727,204.4497
2026-04-19 15:55,1776614100000,75880.8,75908.5,75831.1,75865.7,0.69917908,-0.6992,203.7505
2026-04-19 16:00,1776614400000,75865.7,75882.4,75750.2,75882.4,3.19122671,3.1912,206.9417
2026-04-19 16:05,1776614700000,75882.3,75882.3,75735.1,75735.2,1.20023545,-1.2002,205.7415
2026-04-19 16:10,1776615000000,75735.1,75759.5,75687.9,75699.6,1.86217113,-1.8622,203.8793
2026-04-19 16:15,1776615300000,75699.6,75783.7,75632.6,75645.1,2.38669732,-2.3867,201.4926
2026-04-19 16:20,1776615600000,75645.1,75679.6,75589.7,75651.4,5.96878486,5.9688,207.4614
2026-04-19 16:25,1776615900000,75651.4,75729.7,75607.7,75607.8,0.45126103,-0.4513,207.0101
2026-04-19 16:30,1776616200000,75607.8,75716.2,75559.1,75705.1,0.66314167,0.6631,207.6733
2026-04-19 16:35,1776616500000,75705.1,75724.6,75661.8,75676.8,0.21041171,-0.2104,207.4628
2026-04-19 16:40,1776616800000,75676.9,75676.9,75554.8,75580.4,1.5223273,-1.5223,205.9405
2026-04-19 16:45,1776617100000,75580.3,75668.7,75580.3,75668.6,0.56937726,0.5694,206.5099
2026-04-19 16:50,1776617400000,75642.3,75656.0,75432.6,75442.0,15.15406647,-15.1541,191.3558
2026-04-19 16:55,1776617700000,75442.0,75495.6,75345.1,75395.0,4.00402888,-4.004,187.3518
2026-04-19 17:00,1776618000000,75395.1,75410.1,75204.0,75204.0,11.23613415,-11.2361,176.1157
2026-04-19 17:05,1776618300000,75204.0,75253.7,75050.5,75183.9,15.43059217,-15.4306,160.6851
2026-04-19 17:10,1776618600000,75181.8,75287.0,75153.9,75265.9,2.64472326,2.6447,163.3298
2026-04-19 17:15,1776618900000,75287.0,75330.3,75242.5,75309.3,2.78328186,2.7833,166.1131
2026-04-19 17:20,1776619200000,75309.3,75400.0,75238.7,75238.7,6.0177424,-6.0177,160.0953
2026-04-19 17:25,1776619500000,75238.6,75287.3,75200.0,75287.3,3.58745125,3.5875,163.6828
2026-04-19 17:30,1776619800000,75287.3,75386.3,75171.6,75171.6,3.18058417,-3.1806,160.5022
2026-04-19 17:35,1776620100000,75171.6,75224.8,75125.3,75220.0,16.64386095,16.6439,177.1461
2026-04-19 17:40,1776620400000,75220.0,75220.0,75159.5,75207.0,2.56260403,-2.5626,174.5835
2026-04-19 17:45,1776620700000,75207.1,75232.2,75097.1,75097.1,1.2288147,-1.2288,173.3546
2026-04-19 17:50,1776621000000,75088.7,75088.8,74678.9,74815.4,53.63839638,-53.6384,119.7163
2026-04-19 17:55,1776621300000,74844.8,74896.4,74800.0,74818.2,3.25583549,-3.2558,116.4604
2026-04-19 18:00,1776621600000,74819.9,74905.6,74701.7,74708.4,16.64034061,-16.6403,99.8201
2026-04-19 18:05,1776621900000,74730.1,74902.4,74726.9,74902.4,4.78007626,4.7801,104.6002
2026-04-19 18:10,1776622200000,74902.4,74916.6,74813.7,74853.0,6.28967376,-6.2897,98.3105
2026-04-19 18:15,1776622500000,74862.5,74875.0,74807.2,74820.0,2.69783748,-2.6978,95.6126
2026-04-19 18:20,1776622800000,74808.0,74833.8,74671.4,74695.0,15.37863163,-15.3786,80.234
2026-04-19 18:25,1776623100000,74677.7,74876.9,74640.6,74829.7,2.87829618,2.8783,83.1123
2026-04-19 18:30,1776623400000,74829.6,74829.7,74728.5,74738.0,3.92478904,-3.9248,79.1875
2026-04-19 18:35,1776623700000,74737.9,74804.2,74720.1,74777.2,10.68072111,10.6807,89.8682
2026-04-19 18:40,1776624000000,74772.8,74783.6,74671.7,74701.4,8.07235533,-8.0724,81.7959
2026-04-19 18:45,1776624300000,74707.6,74721.6,74651.8,74721.6,3.45359432,3.4536,85.2495
2026-04-19 18:50,1776624600000,74721.6,74812.0,74721.5,74747.4,10.49945886,10.4995,95.7489
2026-04-19 18:55,1776624900000,74760.0,74812.0,74759.9,74801.2,0.59291899,0.5929,96.3419
2026-04-19 19:00,1776625200000,74804.3,74959.8,74804.3,74884.8,17.39068072,17.3907,113.7325
2026-04-19 19:05,1776625500000,74898.9,75011.1,74898.9,74971.7,1.65685265,1.6569,115.3894
2026-04-19 19:10,1776625800000,74976.4,75003.5,74950.0,74977.2,0.47266735,0.4727,115.8621
2026-04-19 19:15,1776626100000,74977.1,75060.0,74951.6,75044.9,1.98968248,1.9897,117.8517
2026-04-19 19:20,1776626400000,75044.8,75060.4,74900.0,74900.0,9.86260932,-9.8626,107.9891
2026-04-19 19:25,1776626700000,74900.0,74996.3,74889.2,74992.0,10.83384069,10.8338,118.823
2026-04-19 19:30,1776627000000,74976.7,75084.9,74976.6,75005.9,2.19991681,2.1999,121.0229
2026-04-19 19:35,1776627300000,75005.8,75012.2,74975.0,74997.5,0.51493625,-0.5149,120.5079
2026-04-19 19:40,1776627600000,74997.5,75059.1,74997.4,75001.9,1.43592172,1.4359,121.9439
2026-04-19 19:45,1776627900000,75001.9,75035.2,75001.8,75005.2,0.49212209,0.4921,122.436
2026-04-19 19:50,1776628200000,75005.1,75005.2,74974.3,74974.3,0.4442212,-0.4442,121.9918
2026-04-19 19:55,1776628500000,74974.3,75016.0,74941.4,75005.2,1.58288734,1.5829,123.5747
2026-04-19 20:00,1776628800000,74984.5,74984.5,74744.4,74763.6,11.32965714,-11.3297,112.245
2026-04-19 20:05,1776629100000,74763.6,74830.5,74705.7,74829.8,15.7482374,15.7482,127.9932
2026-04-19 20:10,1776629400000,74829.9,74871.3,74757.2,74829.9,9.72254489,9.7225,137.7158
2026-04-19 20:15,1776629700000,74830.0,74830.0,74675.0,74691.4,2.25347724,-2.2535,135.4623
2026-04-19 20:20,1776630000000,74694.4,74735.1,74675.1,74709.3,0.81796919,0.818,136.2803
2026-04-19 20:25,1776630300000,74715.0,74800.0,74715.0,74781.7,1.27172535,1.2717,137.552
2026-04-19 20:30,1776630600000,74787.3,74896.5,74777.7,74896.5,0.41523173,0.4152,137.9672
2026-04-19 20:35,1776630900000,74896.4,74896.5,74826.9,74838.1,2.13992874,-2.1399,135.8273
2026-04-19 20:40,1776631200000,74811.9,74811.9,74500.0,74530.0,18.59344741,-18.5934,117.2339
2026-04-19 20:45,1776631500000,74537.1,74619.0,74447.4,74534.6,4.76094649,-4.7609,112.4729
2026-04-19 20:50,1776631800000,74534.6,74731.7,74534.6,74725.4,5.48077693,5.4808,117.9537
2026-04-19 20:55,1776632100000,74725.4,74736.3,74660.4,74660.5,1.03783191,-1.0378,116.9159
2026-04-19 21:00,1776632400000,74660.5,74716.8,74647.2,74709.9,1.44331713,1.4433,118.3592
2026-04-19 21:05,1776632700000,74709.8,74749.9,74709.8,74729.2,2.68250273,2.6825,121.0417
2026-04-19 21:10,1776633000000,74729.3,74740.3,74614.4,74724.5,1.53127474,-1.5313,119.5104
2026-04-19 21:15,1776633300000,74722.1,74722.1,74621.0,74659.5,1.14471407,-1.1447,118.3657
2026-04-19 21:20,1776633600000,74660.1,74739.4,74660.1,74738.9,0.19286166,0.1929,118.5585
