timestamp,asset,direzione,esito,pnl_perc,hurst,kaufman,regime,cvd_proxy,vpin_proxy,atr_perc
2025-11-30T20:00,XXRPZUSD,SHORT,WIN,7.47,0.6270879334096453,0.179,UNDEFINED,-40452.0,0.01,1.471
2025-12-01T00:00,XXRPZUSD,SHORT,WIN,2.77,0.6270879334096453,0.741,TRENDING,-247169.0,0.107,1.6297
2025-12-01T04:00,XXRPZUSD,SHORT,WIN,3.09,0.6270879334096453,0.743,TRENDING,-137236.0,0.077,1.7039
2025-12-01T08:00,XXRPZUSD,SHORT,LOSS,-1.77,0.6270879334096453,0.743,TRENDING,-124936.0,0.071,1.7659
2025-12-01T12:00,XXRPZUSD,LONG,WIN,7.38,0.6270879334096453,0.83,TRENDING,-235137.0,0.167,1.934
2025-12-01T16:00,XXRPZUSD,LONG,WIN,9.06,0.624898337629703,0.868,TRENDING,-248028.0,0.293,1.8977
2025-12-01T20:00,XXRPZUSD,LONG,WIN,7.09,0.624898337629703,0.616,TRENDING,-357005.0,0.218,1.9347
2025-12-02T00:00,XXRPZUSD,LONG,WIN,7.77,0.624898337629703,0.615,TRENDING,-320817.0,0.221,1.9748
2025-12-02T04:00,XXRPZUSD,LONG,WIN,8.6,0.624898337629703,0.664,TRENDING,-288838.0,0.199,1.9473
2025-12-02T08:00,XXRPZUSD,LONG,WIN,7.57,0.624898337629703,0.564,TRENDING,-270331.0,0.169,2.0066
2025-12-02T12:00,XXRPZUSD,LONG,LOSS,-2.26,0.6387876374787013,0.006,MEAN_REVERSION,-130678.0,0.108,2.2559
2025-12-02T16:00,XXRPZUSD,SHORT,LOSS,-2.31,0.6387876374787013,0.45,TRENDING,-55408.0,0.077,2.3121
2025-12-02T20:00,XXRPZUSD,LONG,LOSS,-2.35,0.6387876374787013,0.335,TRENDING,-160381.0,0.08,2.3541
2025-12-03T00:00,XXRPZUSD,LONG,LOSS,-2.43,0.6387876374787013,0.5,TRENDING,-57967.0,0.02,2.4302
2025-12-03T04:00,XXRPZUSD,SHORT,LOSS,-2.4,0.6387876374787013,0.658,TRENDING,-6964.0,0.009,2.4044
2025-12-03T08:00,XXRPZUSD,SHORT,LOSS,-2.13,0.6421502784747773,0.66,TRENDING,-51853.0,0.014,2.1257
2025-12-03T12:00,XXRPZUSD,LONG,LOSS,-2.18,0.6421502784747773,0.56,TRENDING,-22979.0,0.108,2.1826
2025-12-03T16:00,XXRPZUSD,SHORT,WIN,4.07,0.6421502784747773,0.646,TRENDING,15370.0,0.03,2.1832
2025-12-03T20:00,XXRPZUSD,SHORT,WIN,4.65,0.6421502784747773,0.681,TRENDING,45226.0,0.052,2.0554
2025-12-04T00:00,XXRPZUSD,SHORT,WIN,4.72,0.6421502784747773,0.634,TRENDING,-4999.0,0.022,2.0654
2025-12-04T04:00,XXRPZUSD,SHORT,WIN,3.72,0.6401211538811798,0.103,UNDEFINED,23495.0,0.014,2.034
2025-12-04T08:00,XXRPZUSD,SHORT,WIN,3.78,0.6401211538811798,0.148,UNDEFINED,161567.0,0.016,2.0399
2025-12-04T12:00,XXRPZUSD,SHORT,WIN,3.91,0.6401211538811798,0.001,MEAN_REVERSION,148101.0,0.028,2.1245
2025-12-04T16:00,XXRPZUSD,SHORT,LOSS,-2.33,0.6401211538811798,0.47,TRENDING,89030.0,0.043,2.3311
2025-12-04T20:00,XXRPZUSD,SHORT,LOSS,-1.94,0.6401211538811798,0.598,TRENDING,179016.0,0.071,1.9407
2025-12-05T00:00,XXRPZUSD,SHORT,LOSS,-1.86,0.6398326279503698,0.571,TRENDING,227227.0,0.099,1.8636
2025-12-05T04:00,XXRPZUSD,SHORT,WIN,3.01,0.6398326279503698,0.524,TRENDING,188401.0,0.041,1.8351
2025-12-05T08:00,XXRPZUSD,SHORT,LOSS,-1.82,0.6398326279503698,0.778,TRENDING,215663.0,0.044,1.8194
2025-12-05T12:00,XXRPZUSD,SHORT,LOSS,-1.81,0.6398326279503698,0.844,TRENDING,304313.0,0.008,1.8052
2025-12-05T16:00,XXRPZUSD,SHORT,LOSS,-1.96,0.6398326279503698,0.874,TRENDING,182954.0,0.073,1.9599
2025-12-05T20:00,XXRPZUSD,SHORT,LOSS,-1.82,0.685932275347777,0.857,TRENDING,46979.0,0.057,1.8249
2025-12-06T00:00,XXRPZUSD,LONG,LOSS,-1.79,0.685932275347777,0.784,TRENDING,2500.0,0.088,1.7906
2025-12-06T04:00,XXRPZUSD,LONG,LOSS,-1.77,0.685932275347777,0.83,TRENDING,40197.0,0.034,1.7717
2025-12-06T08:00,XXRPZUSD,LONG,LOSS,-1.74,0.685932275347777,0.692,TRENDING,-16390.0,0.059,1.7376
2025-12-06T12:00,XXRPZUSD,LONG,LOSS,-1.71,0.685932275347777,0.694,TRENDING,-142616.0,0.133,1.7114
2025-12-06T16:00,XXRPZUSD,LONG,WIN,2.94,0.6903573835316439,0.694,TRENDING,-134850.0,0.163,1.6519
2025-12-06T20:00,XXRPZUSD,LONG,WIN,2.67,0.6903573835316439,0.64,TRENDING,-58238.0,0.132,1.5405
2025-12-07T00:00,XXRPZUSD,SHORT,LOSS,-1.35,0.6903573835316439,0.006,MEAN_REVERSION,-67385.0,0.186,1.3517
2025-12-07T04:00,XXRPZUSD,LONG,WIN,2.73,0.6903573835316439,0.31,TRENDING,-208100.0,0.175,1.4558
2025-12-07T08:00,XXRPZUSD,LONG,WIN,2.75,0.6903573835316439,0.034,MEAN_REVERSION,-128572.0,0.172,1.4026
2025-12-07T12:00,XXRPZUSD,LONG,LOSS,-1.54,0.6924653634423041,0.137,UNDEFINED,-3859.0,0.135,1.5435
2025-12-07T16:00,XXRPZUSD,SHORT,LOSS,-1.63,0.6924653634423041,0.294,TRENDING,136287.0,0.12,1.6328
2025-12-07T20:00,XXRPZUSD,LONG,LOSS,-1.79,0.6924653634423041,0.074,MEAN_REVERSION,-57544.0,0.076,1.7931
2025-12-08T00:00,XXRPZUSD,LONG,LOSS,-1.77,0.6924653634423041,0.184,UNDEFINED,178915.0,0.114,1.7731
2025-12-08T04:00,XXRPZUSD,SHORT,LOSS,-1.78,0.6924653634423041,0.248,TRENDING,245369.0,0.077,1.781
2025-12-08T08:00,XXRPZUSD,SHORT,LOSS,-1.84,0.6918425832778554,0.288,TRENDING,296653.0,0.124,1.8404
2025-12-08T12:00,XXRPZUSD,LONG,LOSS,-1.93,0.6918425832778554,0.191,UNDEFINED,207777.0,0.117,1.9263
2025-12-08T16:00,XXRPZUSD,LONG,LOSS,-1.95,0.6918425832778554,0.042,MEAN_REVERSION,293063.0,0.141,1.9493
2025-12-08T20:00,XXRPZUSD,LONG,LOSS,-1.95,0.6918425832778554,0.253,TRENDING,162580.0,0.059,1.9526
2025-12-09T00:00,XXRPZUSD,LONG,WIN,3.03,0.6918425832778554,0.22,TRENDING,247923.0,0.069,1.9823
2025-12-09T04:00,XXRPZUSD,LONG,WIN,3.49,0.679514531082518,0.051,MEAN_REVERSION,252055.0,0.066,2.0432
2025-12-09T08:00,XXRPZUSD,LONG,WIN,3.09,0.6508077446894452,0.128,UNDEFINED,217000.0,0.106,1.9694
2025-12-09T12:00,XXRPZUSD,SHORT,LOSS,-2.01,0.638884325310453,0.525,TRENDING,345401.0,0.157,2.0095
2025-12-09T16:00,XXRPZUSD,SHORT,WIN,3.32,0.5967924497786787,0.488,TRENDING,431083.0,0.313,2.1676
2025-12-09T20:00,XXRPZUSD,SHORT,LOSS,-2.13,0.6182784945647356,0.149,UNDEFINED,345841.0,0.263,2.134
2025-12-10T00:00,XXRPZUSD,SHORT,WIN,4.02,0.6283416845438589,0.043,MEAN_REVERSION,335256.0,0.251,2.0056
2025-12-10T04:00,XXRPZUSD,SHORT,WIN,4.05,0.5945293661193118,0.061,MEAN_REVERSION,337814.0,0.253,1.7958
2025-12-10T08:00,XXRPZUSD,SHORT,WIN,3.5,0.5828666419397843,0.039,MEAN_REVERSION,293795.0,0.25,1.701
2025-12-10T12:00,XXRPZUSD,SHORT,WIN,3.13,0.5915286611503744,0.067,MEAN_REVERSION,278526.0,0.169,1.6876
2025-12-10T16:00,XXRPZUSD,SHORT,WIN,3.4,0.6260355935955702,0.016,MEAN_REVERSION,319526.0,0.287,1.7112
2025-12-10T20:00,XXRPZUSD,SHORT,LOSS,-1.85,0.6121086642659056,0.107,UNDEFINED,141070.0,0.194,1.8462
2025-12-11T00:00,XXRPZUSD,LONG,LOSS,-1.99,0.5701132484586672,0.329,TRENDING,12260.0,0.098,1.9887
2025-12-11T04:00,XXRPZUSD,LONG,LOSS,-1.98,0.5585813646256617,0.633,TRENDING,103341.0,0.116,1.9784
2025-12-11T08:00,XXRPZUSD,LONG,LOSS,-1.95,0.5876077625255606,0.804,TRENDING,19270.0,0.114,1.9484
2025-12-11T12:00,XXRPZUSD,LONG,LOSS,-1.99,0.6414043986323322,0.784,TRENDING,-83042.0,0.063,1.9887
2025-12-11T16:00,XXRPZUSD,SHORT,LOSS,-2.04,0.6844199319794259,0.55,TRENDING,-60401.0,0.107,2.0394
2025-12-11T20:00,XXRPZUSD,SHORT,LOSS,-1.95,0.5831880164030472,0.327,TRENDING,20596.0,0.123,1.9474
2025-12-12T00:00,XXRPZUSD,SHORT,LOSS,-1.83,0.58776072580484,0.284,TRENDING,-54919.0,0.096,1.8292
2025-12-12T04:00,XXRPZUSD,SHORT,WIN,2.88,0.5977175210551603,0.175,UNDEFINED,4124.0,0.127,1.7282
2025-12-12T08:00,XXRPZUSD,SHORT,WIN,3.11,0.6185836304335293,0.183,UNDEFINED,33177.0,0.122,1.6995
2025-12-12T12:00,XXRPZUSD,LONG,LOSS,-1.97,0.6282544308038712,0.359,TRENDING,1384.0,0.051,1.9663
2025-12-12T16:00,XXRPZUSD,LONG,LOSS,-2.01,0.5967646533954372,0.024,MEAN_REVERSION,59132.0,0.059,2.0081
2025-12-12T20:00,XXRPZUSD,LONG,LOSS,-2.02,0.5840018267399891,0.001,MEAN_REVERSION,-19946.0,0.136,2.0182
2025-12-13T00:00,XXRPZUSD,LONG,LOSS,-1.89,0.6214424856015062,0.082,MEAN_REVERSION,-150441.0,0.083,1.8875
2025-12-13T04:00,XXRPZUSD,SHORT,LOSS,-1.71,0.6266303630868724,0.19,UNDEFINED,-48050.0,0.082,1.7057
2025-12-13T08:00,XXRPZUSD,SHORT,LOSS,-1.56,0.6200970688346189,0.142,UNDEFINED,-643.0,0.073,1.5629
2025-12-13T12:00,XXRPZUSD,SHORT,LOSS,-1.53,0.5851143603039825,0.032,MEAN_REVERSION,-40728.0,0.097,1.5347
2025-12-13T16:00,XXRPZUSD,SHORT,LOSS,-1.55,0.6160690614327629,0.082,MEAN_REVERSION,-27293.0,0.048,1.5462
2025-12-13T20:00,XXRPZUSD,SHORT,LOSS,-1.47,0.6437633896910655,0.106,UNDEFINED,28978.0,0.085,1.4738
2025-12-14T00:00,XXRPZUSD,SHORT,WIN,2.26,0.6686409426727687,0.132,UNDEFINED,-63445.0,0.109,1.3725
2025-12-14T04:00,XXRPZUSD,SHORT,WIN,2.03,0.6686695202911658,0.522,TRENDING,115460.0,0.122,1.2517
2025-12-14T08:00,XXRPZUSD,SHORT,LOSS,-1.28,0.6650481975134469,0.034,MEAN_REVERSION,255703.0,0.102,1.2812
2025-12-14T12:00,XXRPZUSD,SHORT,WIN,3.33,0.6403828944147264,0.203,TRENDING,188840.0,0.007,1.288
2025-12-14T16:00,XXRPZUSD,SHORT,WIN,4.63,0.6154560957084861,0.524,TRENDING,127087.0,0.156,1.2958
2025-12-14T20:00,XXRPZUSD,SHORT,WIN,4.15,0.6494143066116029,0.723,TRENDING,220379.0,0.128,1.1847
2025-12-15T00:00,XXRPZUSD,SHORT,WIN,6.18,0.6431699295010996,0.472,TRENDING,182620.0,0.076,1.1286
2025-12-15T04:00,XXRPZUSD,SHORT,WIN,6.15,0.6185879851382291,0.451,TRENDING,72519.0,0.109,1.0966
2025-12-15T08:00,XXRPZUSD,SHORT,WIN,5.83,0.5902818228592482,0.427,TRENDING,106072.0,0.096,1.0996
2025-12-15T12:00,XXRPZUSD,SHORT,WIN,2.79,0.6098206311201996,0.724,TRENDING,-152096.0,0.153,1.3211
2025-12-15T16:00,XXRPZUSD,LONG,WIN,2.31,0.6741851238102854,0.791,TRENDING,-343856.0,0.336,1.5212
2025-12-15T20:00,XXRPZUSD,LONG,LOSS,-1.54,0.6370270366589607,0.763,TRENDING,-169772.0,0.184,1.5375
2025-12-16T00:00,XXRPZUSD,LONG,WIN,3.63,0.6186046661663329,0.774,TRENDING,-382699.0,0.158,1.6535
2025-12-16T04:00,XXRPZUSD,LONG,WIN,3.48,0.6173126158005398,0.731,TRENDING,-389159.0,0.146,1.7597
2025-12-16T08:00,XXRPZUSD,LONG,LOSS,-1.86,0.6298870917118423,0.336,TRENDING,-368701.0,0.128,1.8576
2025-12-16T12:00,XXRPZUSD,SHORT,LOSS,-1.97,0.6471110938391511,0.181,UNDEFINED,-245555.0,0.032,1.9721
2025-12-16T16:00,XXRPZUSD,SHORT,WIN,3.21,0.6613736381920974,0.33,TRENDING,-317545.0,0.059,1.9672
2025-12-16T20:00,XXRPZUSD,SHORT,WIN,3.48,0.6278570629036399,0.311,TRENDING,-247719.0,0.071,1.9429
2025-12-17T00:00,XXRPZUSD,SHORT,WIN,3.65,0.5814519060968071,0.302,TRENDING,-266394.0,0.078,1.9672
2025-12-17T04:00,XXRPZUSD,SHORT,WIN,4.29,0.6413294258357721,0.019,MEAN_REVERSION,-293870.0,0.115,1.892
2025-12-17T08:00,XXRPZUSD,SHORT,WIN,3.77,0.6525363176019531,0.125,UNDEFINED,-332941.0,0.146,1.8567
2025-12-17T12:00,XXRPZUSD,SHORT,WIN,3.66,0.6310415511462611,0.094,MEAN_REVERSION,-439313.0,0.22,2.1206
2025-12-17T16:00,XXRPZUSD,SHORT,LOSS,-2.4,0.5732818331287794,0.051,MEAN_REVERSION,-495142.0,0.378,2.3957
2025-12-17T20:00,XXRPZUSD,LONG,LOSS,-2.22,0.6041975575476085,0.085,MEAN_REVERSION,-501605.0,0.432,2.2212
2025-12-18T00:00,XXRPZUSD,LONG,WIN,3.45,0.5822159977675141,0.594,TRENDING,-505851.0,0.468,2.0709
2025-12-18T04:00,XXRPZUSD,LONG,WIN,4.24,0.5942172825565818,0.946,TRENDING,-506483.0,0.513,2.1461
2025-12-18T08:00,XXRPZUSD,SHORT,WIN,3.8,0.6174545486885916,0.385,TRENDING,-491854.0,0.486,2.0939
2025-12-18T12:00,XXRPZUSD,SHORT,WIN,5.88,0.5733253508254097,0.064,MEAN_REVERSION,-294924.0,0.314,2.1116
2025-12-18T16:00,XXRPZUSD,LONG,WIN,5.6,0.569405341542187,0.433,TRENDING,-353632.0,0.363,2.5141
2025-12-18T20:00,XXRPZUSD,LONG,WIN,5.63,0.5439175686485361,0.427,UNDEFINED,-351105.0,0.411,2.4061
2025-12-19T00:00,XXRPZUSD,LONG,LOSS,-2.57,0.5483213090024692,0.25,UNDEFINED,-158335.0,0.319,2.5719
2025-12-19T04:00,XXRPZUSD,LONG,LOSS,-2.67,0.5314150705017571,0.138,UNDEFINED,-141268.0,0.258,2.6727
2025-12-19T08:00,XXRPZUSD,LONG,WIN,3.92,0.5353593025879384,0.017,MEAN_REVERSION,-84095.0,0.233,2.6134
2025-12-19T12:00,XXRPZUSD,LONG,LOSS,-2.67,0.606478843382673,0.045,MEAN_REVERSION,-49626.0,0.177,2.6655
2025-12-19T16:00,XXRPZUSD,LONG,LOSS,-2.69,0.5760956294667955,0.17,UNDEFINED,-29404.0,0.133,2.6894
2025-12-19T20:00,XXRPZUSD,LONG,LOSS,-2.45,0.533993686666597,0.23,UNDEFINED,-66146.0,0.091,2.4536
2025-12-20T00:00,XXRPZUSD,LONG,LOSS,-2.24,0.5499552594718198,0.1,UNDEFINED,-49017.0,0.117,2.2355
2025-12-20T04:00,XXRPZUSD,LONG,LOSS,-2.19,0.5206371649786606,0.025,MEAN_REVERSION,-60735.0,0.1,2.1859
2025-12-20T08:00,XXRPZUSD,SHORT,LOSS,-2.24,0.5506001601887013,0.935,TRENDING,12424.0,0.059,2.2428
2025-12-20T12:00,XXRPZUSD,SHORT,LOSS,-2.25,0.5926109579276608,0.679,TRENDING,-615.0,0.021,2.253
2025-12-20T16:00,XXRPZUSD,SHORT,LOSS,-2.14,0.5966424326400813,0.614,TRENDING,32145.0,0.067,2.1416
2025-12-20T20:00,XXRPZUSD,SHORT,LOSS,-1.95,0.6134161180554781,0.551,TRENDING,176067.0,0.04,1.9529
2025-12-21T00:00,XXRPZUSD,SHORT,LOSS,-1.61,0.6171198083996672,0.491,TRENDING,282401.0,0.062,1.6097
2025-12-21T04:00,XXRPZUSD,SHORT,LOSS,-1.57,0.5823406292939135,0.409,TRENDING,308276.0,0.038,1.5679
2025-12-21T08:00,XXRPZUSD,SHORT,LOSS,-1.36,0.5494711728837703,0.272,UNDEFINED,356714.0,0.031,1.3583
2025-12-21T12:00,XXRPZUSD,LONG,LOSS,-1.35,0.5724312211587784,0.03,MEAN_REVERSION,373051.0,0.042,1.3492
2025-12-21T16:00,XXRPZUSD,LONG,LOSS,-1.37,0.5615160880854031,0.105,UNDEFINED,363484.0,0.0,1.3654
2025-12-21T20:00,XXRPZUSD,SHORT,LOSS,-1.29,0.5337196190767486,0.066,MEAN_REVERSION,258756.0,0.014,1.2899
2025-12-22T00:00,XXRPZUSD,SHORT,LOSS,-1.29,0.507355317818501,0.231,UNDEFINED,315292.0,0.045,1.2925
2025-12-22T04:00,XXRPZUSD,SHORT,WIN,2.44,0.5222327804379406,0.074,MEAN_REVERSION,506541.0,0.025,1.2714
2025-12-22T08:00,XXRPZUSD,SHORT,WIN,2.8,0.5385526340576674,0.11,UNDEFINED,425817.0,0.0,1.2948
2025-12-22T12:00,XXRPZUSD,SHORT,WIN,2.77,0.5101004774691148,0.01,MEAN_REVERSION,257061.0,0.078,1.3304
2025-12-22T16:00,XXRPZUSD,SHORT,LOSS,-1.34,0.48525457157256097,0.251,UNDEFINED,124519.0,0.128,1.336
2025-12-22T20:00,XXRPZUSD,SHORT,LOSS,-1.28,0.4770620834764175,0.195,UNDEFINED,83530.0,0.181,1.2817
2025-12-23T00:00,XXRPZUSD,SHORT,LOSS,-1.34,0.5028752967143217,0.383,UNDEFINED,-47514.0,0.186,1.3395
2025-12-23T04:00,XXRPZUSD,SHORT,LOSS,-1.39,0.5136620664210044,0.266,UNDEFINED,-156905.0,0.203,1.3881
2025-12-23T08:00,XXRPZUSD,SHORT,WIN,2.63,0.518064812746933,0.134,UNDEFINED,-89130.0,0.191,1.3859
2025-12-23T12:00,XXRPZUSD,SHORT,LOSS,-1.52,0.49896615175793085,0.337,UNDEFINED,-220078.0,0.028,1.5184
2025-12-23T16:00,XXRPZUSD,SHORT,LOSS,-1.51,0.5168371478406919,0.313,UNDEFINED,-301775.0,0.153,1.5122
2025-12-23T20:00,XXRPZUSD,SHORT,LOSS,-1.44,0.5560063939090568,0.445,TRENDING,-296282.0,0.231,1.4392
2025-12-24T00:00,XXRPZUSD,LONG,LOSS,-1.5,0.5715638446854536,0.575,TRENDING,-380787.0,0.099,1.4983
2025-12-24T04:00,XXRPZUSD,LONG,LOSS,-1.54,0.5622334845725542,0.597,TRENDING,-438231.0,0.011,1.5443
2025-12-24T08:00,XXRPZUSD,SHORT,LOSS,-1.45,0.5140752160795661,0.286,UNDEFINED,-396947.0,0.029,1.4493
2025-12-24T12:00,XXRPZUSD,LONG,LOSS,-1.49,0.5362299097946993,0.342,UNDEFINED,-410810.0,0.138,1.492
2025-12-24T16:00,XXRPZUSD,LONG,LOSS,-1.49,0.528730389818524,0.283,UNDEFINED,-466579.0,0.231,1.4883
2025-12-24T20:00,XXRPZUSD,SHORT,LOSS,-1.42,0.5278564463167611,0.196,UNDEFINED,-459429.0,0.306,1.4151
2025-12-25T00:00,XXRPZUSD,SHORT,WIN,1.99,0.5317857813766246,0.418,UNDEFINED,-466005.0,0.258,1.3227
2025-12-25T04:00,XXRPZUSD,SHORT,WIN,2.23,0.5359529283915131,0.11,UNDEFINED,-460301.0,0.266,1.2949
2025-12-25T08:00,XXRPZUSD,SHORT,LOSS,-1.31,0.5312351449290318,0.301,UNDEFINED,-402956.0,0.387,1.3132
2025-12-25T12:00,XXRPZUSD,SHORT,WIN,2.63,0.48245084477037775,0.098,MEAN_REVERSION,-400556.0,0.328,1.3281
2025-12-25T16:00,XXRPZUSD,SHORT,WIN,2.15,0.5246026416656537,0.12,UNDEFINED,-457014.0,0.378,1.2921
2025-12-25T20:00,XXRPZUSD,LONG,WIN,2.09,0.48820440242956264,0.178,UNDEFINED,-443569.0,0.418,1.3339
2025-12-26T00:00,XXRPZUSD,SHORT,LOSS,-1.43,0.5014583046003463,0.039,MEAN_REVERSION,-303333.0,0.353,1.4251
2025-12-26T04:00,XXRPZUSD,SHORT,LOSS,-1.45,0.5538647386318768,0.001,MEAN_REVERSION,-444606.0,0.361,1.4485
2025-12-26T08:00,XXRPZUSD,SHORT,LOSS,-1.38,0.5071111192375523,0.068,MEAN_REVERSION,-385640.0,0.37,1.3843
2025-12-26T12:00,XXRPZUSD,LONG,LOSS,-1.49,0.5037139501880156,0.142,UNDEFINED,-413508.0,0.382,1.4927
2025-12-26T16:00,XXRPZUSD,LONG,LOSS,-1.46,0.49649967203671214,0.141,UNDEFINED,-416509.0,0.391,1.4587
2025-12-26T20:00,XXRPZUSD,LONG,LOSS,-1.43,0.48345805284469945,0.182,UNDEFINED,-353319.0,0.421,1.4318
2025-12-27T00:00,XXRPZUSD,LONG,LOSS,-1.39,0.4799829348769671,0.051,MEAN_REVERSION,-373794.0,0.328,1.3876
2025-12-27T04:00,XXRPZUSD,LONG,LOSS,-1.38,0.5102086163370703,0.242,UNDEFINED,-347350.0,0.367,1.3788
2025-12-27T08:00,XXRPZUSD,LONG,LOSS,-1.35,0.5152226888682074,0.156,UNDEFINED,-278674.0,0.385,1.348
2025-12-27T12:00,XXRPZUSD,LONG,LOSS,-1.35,0.5378582733811309,0.168,UNDEFINED,-250571.0,0.364,1.3484
2025-12-27T16:00,XXRPZUSD,LONG,LOSS,-1.29,0.48049560297038746,0.107,UNDEFINED,-221968.0,0.279,1.2913
2025-12-27T20:00,XXRPZUSD,SHORT,LOSS,-1.25,0.4644429379458753,0.102,UNDEFINED,-121650.0,0.329,1.2524
2025-12-28T00:00,XXRPZUSD,LONG,WIN,2.12,0.46972082758104694,0.039,MEAN_REVERSION,-40955.0,0.282,1.2166
2025-12-28T04:00,XXRPZUSD,LONG,WIN,2.19,0.47709067393287624,0.674,TRENDING,-21512.0,0.272,1.074
2025-12-28T08:00,XXRPZUSD,LONG,WIN,2.28,0.5018692147793485,0.551,UNDEFINED,-97328.0,0.317,0.9151
2025-12-28T12:00,XXRPZUSD,LONG,WIN,2.37,0.5298886775728887,0.574,UNDEFINED,-155436.0,0.247,0.8507
2025-12-28T16:00,XXRPZUSD,LONG,WIN,3.06,0.5865183732711496,0.124,UNDEFINED,-167289.0,0.335,0.8593
2025-12-28T20:00,XXRPZUSD,LONG,WIN,2.64,0.6472846639809292,0.314,TRENDING,-190924.0,0.275,0.7193
2025-12-29T00:00,XXRPZUSD,SHORT,WIN,3.37,0.5597458316134385,0.623,TRENDING,-5588.0,0.131,0.8395
2025-12-29T04:00,XXRPZUSD,SHORT,WIN,2.63,0.5081751424795108,0.441,UNDEFINED,-44393.0,0.149,0.8749
2025-12-29T08:00,XXRPZUSD,SHORT,LOSS,-0.99,0.5041447462997027,0.11,UNDEFINED,-188518.0,0.204,0.9874
2025-12-29T12:00,XXRPZUSD,SHORT,LOSS,-1.06,0.48630636132002103,0.067,MEAN_REVERSION,-218414.0,0.219,1.0553
2025-12-29T16:00,XXRPZUSD,LONG,LOSS,-1.1,0.4819501112191327,0.166,UNDEFINED,-321657.0,0.245,1.0987
2025-12-29T20:00,XXRPZUSD,LONG,LOSS,-1.11,0.41125275523962884,0.172,MEAN_REVERSION,-281069.0,0.244,1.1095
2025-12-30T00:00,XXRPZUSD,LONG,LOSS,-1.12,0.42847156994909313,0.078,MEAN_REVERSION,-267923.0,0.241,1.1234
2025-12-30T04:00,XXRPZUSD,LONG,LOSS,-1.07,0.3994196053761869,0.072,MEAN_REVERSION,-269661.0,0.286,1.0719
2025-12-30T08:00,XXRPZUSD,LONG,LOSS,-1.08,0.4218066341041048,0.027,MEAN_REVERSION,-268721.0,0.226,1.0807
2025-12-30T12:00,XXRPZUSD,SHORT,LOSS,-1.14,0.4766343127350018,0.084,MEAN_REVERSION,-190151.0,0.221,1.1383
2025-12-30T16:00,XXRPZUSD,SHORT,WIN,2.6,0.483793984349048,0.409,UNDEFINED,-260575.0,0.239,1.1511
2025-12-30T20:00,XXRPZUSD,SHORT,WIN,2.65,0.46203372310262447,0.288,UNDEFINED,-165573.0,0.158,1.1549
2025-12-31T00:00,XXRPZUSD,SHORT,WIN,2.34,0.4442726463662836,0.002,MEAN_REVERSION,-270827.0,0.254,1.1419
2025-12-31T04:00,XXRPZUSD,SHORT,WIN,2.38,0.463977814032479,0.134,UNDEFINED,-278285.0,0.204,1.1064
2025-12-31T08:00,XXRPZUSD,SHORT,WIN,2.73,0.4858325567849084,0.575,UNDEFINED,-257745.0,0.189,0.9546
2025-12-31T12:00,XXRPZUSD,SHORT,WIN,1.68,0.5311971081954587,0.133,UNDEFINED,-373937.0,0.255,0.9786
2025-12-31T16:00,XXRPZUSD,LONG,WIN,2.48,0.496510622878056,0.391,UNDEFINED,-426300.0,0.342,0.9791
2025-12-31T20:00,XXRPZUSD,LONG,WIN,2.05,0.47790512274504143,0.198,UNDEFINED,-275763.0,0.212,1.0176
2026-01-01T00:00,XXRPZUSD,LONG,WIN,3.01,0.46989762556853537,0.278,UNDEFINED,-282842.0,0.27,1.0058
2026-01-01T04:00,XXRPZUSD,LONG,WIN,2.55,0.47973197645426274,0.378,UNDEFINED,-249707.0,0.217,1.0652
2026-01-01T08:00,XXRPZUSD,LONG,WIN,1.99,0.52882411844861,0.209,UNDEFINED,-317858.0,0.21,1.04
2026-01-01T12:00,XXRPZUSD,LONG,WIN,3.07,0.5342327613388761,0.137,UNDEFINED,-143386.0,0.101,1.0501
2026-01-01T16:00,XXRPZUSD,LONG,WIN,6.38,0.5006585311051223,0.013,MEAN_REVERSION,-57183.0,0.083,1.0691
2026-01-01T20:00,XXRPZUSD,LONG,WIN,6.88,0.5127779305882799,0.052,MEAN_REVERSION,39526.0,0.063,1.0239
2026-01-02T00:00,XXRPZUSD,LONG,WIN,8.13,0.5501538184844402,0.071,MEAN_REVERSION,134872.0,0.048,1.0446
2026-01-02T04:00,XXRPZUSD,LONG,WIN,9.1,0.5608554842210004,0.098,MEAN_REVERSION,147890.0,0.048,1.083
2026-01-02T08:00,XXRPZUSD,LONG,WIN,7.97,0.5526590459959393,0.558,TRENDING,158669.0,0.008,1.1591
2026-01-02T12:00,XXRPZUSD,LONG,WIN,6.4,0.5206200986457526,0.609,TRENDING,268801.0,0.07,1.2525
2026-01-02T16:00,XXRPZUSD,LONG,WIN,2.46,0.5226912295331283,0.826,TRENDING,380037.0,0.215,1.4482
2026-01-02T20:00,XXRPZUSD,LONG,LOSS,-1.52,0.5242293372830579,0.832,TRENDING,422477.0,0.262,1.5211
2026-01-03T00:00,XXRPZUSD,SHORT,WIN,2.28,0.5348342928002956,0.848,TRENDING,503193.0,0.268,1.5074
2026-01-03T04:00,XXRPZUSD,LONG,WIN,3.89,0.5182981753314919,0.512,UNDEFINED,368500.0,0.227,1.6761
2026-01-03T08:00,XXRPZUSD,LONG,WIN,4.79,0.4814088653963914,0.501,UNDEFINED,428041.0,0.266,1.7191
2026-01-03T12:00,XXRPZUSD,LONG,WIN,4.44,0.4751073513750962,0.503,UNDEFINED,441525.0,0.323,1.6969
2026-01-03T16:00,XXRPZUSD,LONG,WIN,4.37,0.478310368705863,0.487,UNDEFINED,468930.0,0.401,1.6952
2026-01-03T20:00,XXRPZUSD,LONG,WIN,3.81,0.50952860725927,0.614,TRENDING,631556.0,0.435,1.7004
2026-01-04T00:00,XXRPZUSD,LONG,WIN,4.13,0.5418702511132336,0.644,TRENDING,749777.0,0.456,1.7577
2026-01-04T04:00,XXRPZUSD,LONG,WIN,3.46,0.5602735036648097,0.623,TRENDING,744710.0,0.493,1.796
2026-01-04T08:00,XXRPZUSD,LONG,LOSS,-1.82,0.6066072802086119,0.527,TRENDING,807950.0,0.497,1.8177
2026-01-04T12:00,XXRPZUSD,LONG,WIN,3.61,0.6791905203255889,0.449,TRENDING,667776.0,0.409,1.8893
2026-01-04T16:00,XXRPZUSD,LONG,WIN,9.31,0.607392239482208,0.278,TRENDING,550285.0,0.368,1.8727
2026-01-04T20:00,XXRPZUSD,LONG,WIN,12.28,0.559169649705626,0.821,TRENDING,537614.0,0.374,1.8174
2026-01-05T00:00,XXRPZUSD,LONG,WIN,11.4,0.5639269810442421,0.871,TRENDING,588200.0,0.464,1.7605
2026-01-05T04:00,XXRPZUSD,LONG,WIN,11.87,0.5692619490693351,0.764,TRENDING,536033.0,0.432,1.7148
2026-01-05T08:00,XXRPZUSD,LONG,WIN,11.89,0.5672050603678611,0.759,TRENDING,482666.0,0.396,1.6804
2026-01-05T12:00,XXRPZUSD,LONG,WIN,10.22,0.5376197041534917,0.787,TRENDING,579721.0,0.552,1.608
2026-01-05T16:00,XXRPZUSD,LONG,WIN,4.77,0.5597957984607779,0.846,TRENDING,664922.0,0.677,1.8022
2026-01-05T20:00,XXRPZUSD,SHORT,WIN,5.14,0.5488467085874438,0.874,TRENDING,698233.0,0.704,1.9588
2026-01-06T00:00,XXRPZUSD,SHORT,WIN,6.69,0.5326117122217874,0.879,TRENDING,707279.0,0.751,2.1858
2026-01-06T04:00,XXRPZUSD,SHORT,WIN,4.41,0.5928160868654496,0.624,TRENDING,618765.0,0.685,2.4442
2026-01-06T08:00,XXRPZUSD,SHORT,WIN,6.31,0.6094832763056339,0.688,TRENDING,617816.0,0.69,2.4173
2026-01-06T12:00,XXRPZUSD,SHORT,WIN,6.57,0.5580018800324119,0.577,TRENDING,524078.0,0.554,2.5551
2026-01-06T16:00,XXRPZUSD,LONG,LOSS,-3.07,0.5458284728881159,0.164,UNDEFINED,294643.0,0.362,3.0667
2026-01-06T20:00,XXRPZUSD,SHORT,WIN,6.04,0.5896969901285385,0.29,TRENDING,339981.0,0.397,3.1025
2026-01-07T00:00,XXRPZUSD,SHORT,WIN,5.16,0.6016300931533873,0.213,TRENDING,265207.0,0.343,3.2584
2026-01-07T04:00,XXRPZUSD,SHORT,WIN,7.1,0.6282522575994264,0.188,UNDEFINED,269057.0,0.356,3.3029
2026-01-07T08:00,XXRPZUSD,SHORT,WIN,7.1,0.5968573207035881,0.056,MEAN_REVERSION,232122.0,0.335,3.2773
2026-01-07T12:00,XXRPZUSD,SHORT,LOSS,-3.48,0.5899388895940321,0.305,TRENDING,159915.0,0.269,3.479
2026-01-07T16:00,XXRPZUSD,SHORT,LOSS,-3.57,0.6053931367096185,0.417,TRENDING,103143.0,0.192,3.5693
2026-01-07T20:00,XXRPZUSD,SHORT,LOSS,-3.58,0.6329240667225168,0.379,TRENDING,108256.0,0.15,3.5755
2026-01-08T00:00,XXRPZUSD,SHORT,LOSS,-3.37,0.6480385716654352,0.562,TRENDING,93392.0,0.099,3.3715
2026-01-08T04:00,XXRPZUSD,SHORT,LOSS,-3.36,0.6367609752008799,0.566,TRENDING,45643.0,0.094,3.3552
2026-01-08T08:00,XXRPZUSD,LONG,LOSS,-3.23,0.5844902418422733,0.436,TRENDING,-26136.0,0.073,3.2335
2026-01-08T12:00,XXRPZUSD,SHORT,LOSS,-3.11,0.615666566199855,0.645,TRENDING,14556.0,0.086,3.1079
2026-01-08T16:00,XXRPZUSD,SHORT,LOSS,-3.11,0.6359792644118801,0.538,TRENDING,59375.0,0.093,3.114
2026-01-08T20:00,XXRPZUSD,SHORT,LOSS,-3.03,0.5830009093591466,0.641,TRENDING,-42779.0,0.066,3.0297
2026-01-09T00:00,XXRPZUSD,SHORT,LOSS,-2.62,0.614310036579892,0.511,TRENDING,-187192.0,0.06,2.6176
2026-01-09T04:00,XXRPZUSD,SHORT,LOSS,-2.45,0.5888615136720847,0.408,TRENDING,-335969.0,0.042,2.4454
2026-01-09T08:00,XXRPZUSD,SHORT,LOSS,-2.43,0.5914554744653866,0.45,TRENDING,-488000.0,0.019,2.4314
2026-01-09T12:00,XXRPZUSD,SHORT,LOSS,-2.55,0.6212282485146772,0.258,TRENDING,-379525.0,0.073,2.5486
2026-01-09T16:00,XXRPZUSD,LONG,LOSS,-2.63,0.578503031359718,0.325,TRENDING,-435590.0,0.071,2.6323
2026-01-09T20:00,XXRPZUSD,LONG,LOSS,-2.45,0.5709993588000578,0.124,UNDEFINED,-329347.0,0.078,2.4487
2026-01-10T00:00,XXRPZUSD,LONG,LOSS,-2.32,0.6084371219016846,0.005,MEAN_REVERSION,-197740.0,0.022,2.319
2026-01-10T04:00,XXRPZUSD,SHORT,LOSS,-2.22,0.5635148065934472,0.198,UNDEFINED,-349808.0,0.037,2.224
2026-01-10T08:00,XXRPZUSD,SHORT,LOSS,-2.11,0.5871962295391862,0.257,TRENDING,-279657.0,0.051,2.1119
2026-01-10T12:00,XXRPZUSD,SHORT,LOSS,-1.95,0.5929518480842367,0.242,TRENDING,-347811.0,0.033,1.9457
2026-01-10T16:00,XXRPZUSD,SHORT,LOSS,-1.81,0.6077722808079344,0.347,TRENDING,-317928.0,0.164,1.812
2026-01-10T20:00,XXRPZUSD,SHORT,LOSS,-1.63,0.6075390851925839,0.276,TRENDING,-261222.0,0.286,1.6348
2026-01-11T00:00,XXRPZUSD,SHORT,LOSS,-1.47,0.5963403714323632,0.081,MEAN_REVERSION,-158918.0,0.38,1.469
2026-01-11T04:00,XXRPZUSD,SHORT,LOSS,-1.4,0.640743609144967,0.294,TRENDING,-128052.0,0.362,1.3978
2026-01-11T08:00,XXRPZUSD,SHORT,WIN,2.25,0.6335057232499525,0.229,TRENDING,-24086.0,0.386,1.3132
2026-01-11T12:00,XXRPZUSD,SHORT,LOSS,-1.32,0.6687153495601975,0.15,UNDEFINED,55048.0,0.336,1.3182
2026-01-11T16:00,XXRPZUSD,SHORT,WIN,1.87,0.6747806962636891,0.079,MEAN_REVERSION,86469.0,0.213,1.1921
2026-01-11T20:00,XXRPZUSD,SHORT,LOSS,-1.07,0.6837955995158811,0.554,TRENDING,-101660.0,0.394,1.066
2026-01-12T00:00,XXRPZUSD,SHORT,WIN,1.6,0.7016699679756414,0.377,TRENDING,-56282.0,0.247,1.0627
2026-01-12T04:00,XXRPZUSD,LONG,WIN,1.98,0.7354568732226283,0.543,TRENDING,-28922.0,0.292,1.1398
2026-01-12T08:00,XXRPZUSD,LONG,WIN,2.24,0.7259356717132295,0.606,TRENDING,-111183.0,0.287,1.1829
2026-01-12T12:00,XXRPZUSD,SHORT,WIN,2.11,0.709641650842144,0.032,MEAN_REVERSION,-45924.0,0.2,1.2727
2026-01-12T16:00,XXRPZUSD,LONG,WIN,3.4,0.6939480523266731,0.183,UNDEFINED,-92328.0,0.191,1.4245
2026-01-12T20:00,XXRPZUSD,LONG,WIN,5.49,0.7251723451478848,0.258,TRENDING,-277022.0,0.178,1.4812
2026-01-13T00:00,XXRPZUSD,LONG,WIN,6.6,0.7559794740694337,0.298,TRENDING,-219477.0,0.127,1.4955
2026-01-13T04:00,XXRPZUSD,LONG,WIN,6.43,0.7125886075668185,0.239,TRENDING,-288562.0,0.052,1.5555
2026-01-13T08:00,XXRPZUSD,LONG,WIN,6.03,0.715326920421716,0.17,UNDEFINED,-230069.0,0.013,1.5933
2026-01-13T12:00,XXRPZUSD,LONG,WIN,4.1,0.7307042737844391,0.139,UNDEFINED,-170254.0,0.033,1.6769
2026-01-13T16:00,XXRPZUSD,LONG,LOSS,-1.8,0.7362956319395392,0.275,TRENDING,-56190.0,0.032,1.7987
2026-01-13T20:00,XXRPZUSD,SHORT,LOSS,-1.9,0.732109900742885,0.533,TRENDING,195679.0,0.135,1.9018
2026-01-14T00:00,XXRPZUSD,SHORT,WIN,4.35,0.696112908543784,0.607,TRENDING,228983.0,0.14,1.9514
2026-01-14T04:00,XXRPZUSD,SHORT,LOSS,-2.01,0.6906199581320579,0.261,TRENDING,195702.0,0.111,2.0076
2026-01-14T08:00,XXRPZUSD,LONG,LOSS,-1.95,0.7076044463238202,0.206,TRENDING,138092.0,0.124,1.9486
2026-01-14T12:00,XXRPZUSD,SHORT,WIN,3.15,0.6936301322376036,0.417,TRENDING,238817.0,0.117,1.9841
2026-01-14T16:00,XXRPZUSD,SHORT,WIN,3.74,0.7168395330762717,0.384,TRENDING,168659.0,0.13,2.0806
2026-01-14T20:00,XXRPZUSD,SHORT,WIN,3.43,0.6863987118287402,0.34,TRENDING,160013.0,0.068,2.0004
2026-01-15T00:00,XXRPZUSD,SHORT,LOSS,-2.08,0.6480657986399099,0.097,MEAN_REVERSION,112041.0,0.046,2.0799
2026-01-15T04:00,XXRPZUSD,SHORT,LOSS,-2.02,0.6575573500110217,0.01,MEAN_REVERSION,208779.0,0.05,2.0203
2026-01-15T08:00,XXRPZUSD,SHORT,LOSS,-2.04,0.6541281129942719,0.109,UNDEFINED,128346.0,0.056,2.0431
2026-01-15T12:00,XXRPZUSD,SHORT,LOSS,-2.17,0.6277708169182772,0.29,TRENDING,98493.0,0.049,2.1714
2026-01-15T16:00,XXRPZUSD,SHORT,LOSS,-2.28,0.6237379678120315,0.474,TRENDING,71660.0,0.004,2.284
2026-01-15T20:00,XXRPZUSD,SHORT,LOSS,-2.19,0.6249201336034788,0.309,TRENDING,60649.0,0.039,2.1906
2026-01-16T00:00,XXRPZUSD,SHORT,LOSS,-2.09,0.6252832031953639,0.243,TRENDING,117355.0,0.003,2.0922
2026-01-16T04:00,XXRPZUSD,SHORT,LOSS,-1.93,0.6623203189048804,0.48,TRENDING,176900.0,0.029,1.9283
2026-01-16T08:00,XXRPZUSD,SHORT,LOSS,-1.89,0.6645861583584222,0.475,TRENDING,171277.0,0.011,1.8871
2026-01-16T12:00,XXRPZUSD,LONG,LOSS,-1.89,0.6388816929026765,0.544,TRENDING,96119.0,0.011,1.8888
2026-01-16T16:00,XXRPZUSD,LONG,LOSS,-1.82,0.6887461128065112,0.203,TRENDING,121790.0,0.026,1.8151
2026-01-16T20:00,XXRPZUSD,LONG,LOSS,-1.69,0.66543692511482,0.194,UNDEFINED,113977.0,0.108,1.6913
2026-01-17T00:00,XXRPZUSD,LONG,LOSS,-1.58,0.6647958369352232,0.332,TRENDING,9839.0,0.012,1.577
2026-01-17T04:00,XXRPZUSD,LONG,LOSS,-1.51,0.6737964167875791,0.25,TRENDING,-177355.0,0.048,1.5144
2026-01-17T08:00,XXRPZUSD,LONG,LOSS,-1.33,0.6418087443410294,0.034,MEAN_REVERSION,-230935.0,0.077,1.3307
2026-01-17T12:00,XXRPZUSD,SHORT,LOSS,-1.33,0.6688217035796651,0.023,MEAN_REVERSION,-94933.0,0.089,1.327
2026-01-17T16:00,XXRPZUSD,SHORT,LOSS,-1.29,0.6755973553996194,0.063,MEAN_REVERSION,-91734.0,0.141,1.2883
2026-01-17T20:00,XXRPZUSD,SHORT,WIN,3.46,0.6417814498369785,0.08,MEAN_REVERSION,-265704.0,0.153,1.1303
2026-01-18T00:00,XXRPZUSD,SHORT,WIN,4.43,0.6658945721448991,0.053,MEAN_REVERSION,-227474.0,0.146,1.0449
2026-01-18T04:00,XXRPZUSD,SHORT,WIN,4.36,0.6710196480592382,0.192,UNDEFINED,-209253.0,0.122,1.0155
2026-01-18T08:00,XXRPZUSD,SHORT,WIN,4.48,0.6823404153162557,0.001,MEAN_REVERSION,-115256.0,0.117,0.9721
2026-01-18T12:00,XXRPZUSD,SHORT,WIN,4.28,0.6869711072101343,0.232,TRENDING,-194264.0,0.06,0.9552
2026-01-18T16:00,XXRPZUSD,SHORT,WIN,4.43,0.6742616242274776,0.039,MEAN_REVERSION,-158497.0,0.021,0.9426
2026-01-18T20:00,XXRPZUSD,SHORT,LOSS,-1.11,0.7017478322456162,0.526,TRENDING,-170326.0,0.192,1.106
2026-01-19T00:00,XXRPZUSD,LONG,WIN,2.33,0.6974055848841186,0.644,TRENDING,-307478.0,0.353,1.5405
2026-01-19T04:00,XXRPZUSD,LONG,WIN,2.57,0.6745016363468902,0.911,TRENDING,-370129.0,0.336,1.5076
2026-01-19T08:00,XXRPZUSD,SHORT,LOSS,-1.53,0.650610137206008,0.769,TRENDING,-301270.0,0.298,1.5281
2026-01-19T12:00,XXRPZUSD,SHORT,WIN,3.32,0.6571615242291183,0.622,TRENDING,-328576.0,0.398,1.5539
2026-01-19T16:00,XXRPZUSD,SHORT,WIN,5.58,0.6900543383911044,0.288,TRENDING,-121154.0,0.231,1.6621
2026-01-19T20:00,XXRPZUSD,SHORT,WIN,4.87,0.683771341837973,0.373,TRENDING,-131849.0,0.253,1.7333
2026-01-20T00:00,XXRPZUSD,SHORT,WIN,3.68,0.6738223290243689,0.466,TRENDING,-230041.0,0.236,1.8323
2026-01-20T04:00,XXRPZUSD,SHORT,WIN,3.05,0.6662673013187093,0.488,TRENDING,-320424.0,0.275,1.9026
2026-01-20T08:00,XXRPZUSD,SHORT,LOSS,-1.98,0.6591090680986997,0.555,TRENDING,-328295.0,0.318,1.9799
2026-01-20T12:00,XXRPZUSD,LONG,LOSS,-2.06,0.671710082235218,0.429,TRENDING,-372642.0,0.299,2.0626
2026-01-20T16:00,XXRPZUSD,LONG,WIN,3.72,0.6443037030344418,0.398,TRENDING,-438580.0,0.305,2.1618
2026-01-20T20:00,XXRPZUSD,LONG,WIN,4.4,0.6441333459629456,0.424,TRENDING,-564863.0,0.364,2.279
2026-01-21T00:00,XXRPZUSD,LONG,WIN,3.68,0.6286500648440139,0.395,TRENDING,-504326.0,0.314,2.2934
2026-01-21T04:00,XXRPZUSD,LONG,WIN,3.29,0.6053933255164935,0.414,TRENDING,-449577.0,0.314,2.0863
2026-01-21T08:00,XXRPZUSD,LONG,WIN,4.4,0.6391915879313923,0.756,TRENDING,-442238.0,0.31,1.6739
2026-01-21T12:00,XXRPZUSD,SHORT,LOSS,-1.84,0.6409939159788844,0.134,UNDEFINED,-316066.0,0.196,1.8373
2026-01-21T16:00,XXRPZUSD,SHORT,LOSS,-2.15,0.6186603593017751,0.055,MEAN_REVERSION,-164108.0,0.117,2.1525
2026-01-21T20:00,XXRPZUSD,SHORT,LOSS,-2.29,0.6035120297539025,0.005,MEAN_REVERSION,-189263.0,0.193,2.2895
2026-01-22T00:00,XXRPZUSD,SHORT,LOSS,-2.2,0.591777774731409,0.099,MEAN_REVERSION,-252265.0,0.195,2.2021
2026-01-22T04:00,XXRPZUSD,SHORT,LOSS,-2.11,0.6011517512865029,0.177,UNDEFINED,-170241.0,0.184,2.1137
2026-01-22T08:00,XXRPZUSD,SHORT,LOSS,-2.07,0.6026313013544189,0.254,TRENDING,-7323.0,0.202,2.0692
2026-01-22T12:00,XXRPZUSD,LONG,LOSS,-2.16,0.5932664197622929,0.138,UNDEFINED,-25320.0,0.277,2.159
2026-01-22T16:00,XXRPZUSD,SHORT,LOSS,-2.12,0.5686697679331626,0.161,UNDEFINED,-2322.0,0.223,2.1175
2026-01-22T20:00,XXRPZUSD,SHORT,LOSS,-2.07,0.599175057354844,0.074,MEAN_REVERSION,-38206.0,0.224,2.0742
2026-01-23T00:00,XXRPZUSD,LONG,LOSS,-2.03,0.6696417228716082,0.146,UNDEFINED,-204388.0,0.216,2.027
2026-01-23T04:00,XXRPZUSD,LONG,LOSS,-1.96,0.6271302158499497,0.41,TRENDING,-149372.0,0.216,1.9551
2026-01-23T08:00,XXRPZUSD,LONG,LOSS,-1.9,0.6126832359945518,0.617,TRENDING,-83454.0,0.208,1.8991
2026-01-23T12:00,XXRPZUSD,SHORT,LOSS,-1.93,0.564370057081008,0.348,TRENDING,-8008.0,0.165,1.93
2026-01-23T16:00,XXRPZUSD,SHORT,LOSS,-1.99,0.532406885951833,0.315,UNDEFINED,166223.0,0.107,1.991
2026-01-23T20:00,XXRPZUSD,SHORT,LOSS,-1.77,0.5824772406384289,0.349,TRENDING,175760.0,0.076,1.7666
2026-01-24T00:00,XXRPZUSD,SHORT,LOSS,-1.38,0.6043771444991327,0.261,TRENDING,285940.0,0.075,1.3803
2026-01-24T04:00,XXRPZUSD,SHORT,LOSS,-1.24,0.5787495567271038,0.056,MEAN_REVERSION,374523.0,0.088,1.2377
2026-01-24T08:00,XXRPZUSD,SHORT,LOSS,-1.17,0.5651225124833305,0.401,TRENDING,339243.0,0.067,1.1719
2026-01-24T12:00,XXRPZUSD,SHORT,LOSS,-1.17,0.5171154598315342,0.318,UNDEFINED,290382.0,0.047,1.168
2026-01-24T16:00,XXRPZUSD,SHORT,WIN,5.1,0.54853850871694,0.009,MEAN_REVERSION,330249.0,0.048,1.1275
2026-01-24T20:00,XXRPZUSD,SHORT,WIN,4.99,0.5414506171717884,0.019,MEAN_REVERSION,219679.0,0.003,0.9838
2026-01-25T00:00,XXRPZUSD,SHORT,WIN,4.29,0.5860166994565204,0.307,TRENDING,-17326.0,0.03,0.9471
2026-01-25T04:00,XXRPZUSD,SHORT,WIN,3.99,0.5536582502982982,0.61,TRENDING,72906.0,0.038,0.9201
2026-01-25T08:00,XXRPZUSD,SHORT,WIN,4.41,0.530839598219034,0.404,UNDEFINED,218958.0,0.117,0.9436
2026-01-25T12:00,XXRPZUSD,LONG,WIN,2.04,0.5815271491719072,0.514,TRENDING,149914.0,0.143,0.9364
2026-01-25T16:00,XXRPZUSD,LONG,WIN,5.91,0.6287859614592675,0.815,TRENDING,-74723.0,0.077,1.2181
2026-01-25T20:00,XXRPZUSD,LONG,WIN,4.91,0.5548088961484484,0.586,TRENDING,66829.0,0.178,1.1695
2026-01-26T00:00,XXRPZUSD,LONG,WIN,3.07,0.5617535204835612,0.28,TRENDING,129362.0,0.221,1.1885
2026-01-26T04:00,XXRPZUSD,LONG,WIN,2.33,0.5439869334896789,0.169,UNDEFINED,188432.0,0.213,1.1968
2026-01-26T08:00,XXRPZUSD,LONG,LOSS,-1.23,0.5664084337652546,0.129,UNDEFINED,233643.0,0.241,1.2253
2026-01-26T12:00,XXRPZUSD,SHORT,LOSS,-1.37,0.6250584337353802,0.055,MEAN_REVERSION,313425.0,0.22,1.3721
2026-01-26T16:00,XXRPZUSD,SHORT,LOSS,-1.51,0.5780077701088844,0.037,MEAN_REVERSION,221010.0,0.059,1.5088
2026-01-26T20:00,XXRPZUSD,SHORT,LOSS,-1.55,0.5580474222108471,0.046,MEAN_REVERSION,116427.0,0.079,1.554
2026-01-27T00:00,XXRPZUSD,SHORT,LOSS,-1.58,0.5608390884700931,0.032,MEAN_REVERSION,-17914.0,0.124,1.5766
2026-01-27T04:00,XXRPZUSD,LONG,LOSS,-1.64,0.5740881648845674,0.057,MEAN_REVERSION,13985.0,0.091,1.6364
2026-01-27T08:00,XXRPZUSD,LONG,WIN,2.8,0.568130274149434,0.452,TRENDING,-27395.0,0.086,1.656
2026-01-27T12:00,XXRPZUSD,LONG,LOSS,-1.7,0.5558530043942275,0.403,TRENDING,17463.0,0.152,1.7004
2026-01-27T16:00,XXRPZUSD,LONG,LOSS,-1.74,0.545578243388018,0.309,UNDEFINED,76316.0,0.145,1.7441
2026-01-27T20:00,XXRPZUSD,LONG,LOSS,-1.75,0.526821719815712,0.281,UNDEFINED,157668.0,0.213,1.7547
2026-01-28T00:00,XXRPZUSD,LONG,LOSS,-1.58,0.556899268074646,0.079,MEAN_REVERSION,101735.0,0.199,1.5759
2026-01-28T04:00,XXRPZUSD,SHORT,LOSS,-1.57,0.582644703200953,0.104,UNDEFINED,137880.0,0.226,1.5651
2026-01-28T08:00,XXRPZUSD,SHORT,WIN,3.65,0.5660598194896218,0.302,TRENDING,177413.0,0.227,1.472
2026-01-28T12:00,XXRPZUSD,SHORT,WIN,5.57,0.5499033793281161,0.024,MEAN_REVERSION,165319.0,0.17,1.5533
2026-01-28T16:00,XXRPZUSD,SHORT,WIN,6.85,0.5330677569197315,0.072,MEAN_REVERSION,126717.0,0.076,1.569
2026-01-28T20:00,XXRPZUSD,SHORT,WIN,6.4,0.5573302702820367,0.076,MEAN_REVERSION,78281.0,0.059,1.4569
2026-01-29T00:00,XXRPZUSD,SHORT,WIN,6.84,0.5715383400324626,0.077,MEAN_REVERSION,244026.0,0.008,1.4996
2026-01-29T04:00,XXRPZUSD,SHORT,WIN,7.35,0.5406819161317874,0.043,MEAN_REVERSION,240330.0,0.063,1.5037
2026-01-29T08:00,XXRPZUSD,SHORT,WIN,6.6,0.5089327498964803,0.202,UNDEFINED,5136.0,0.004,1.5289
2026-01-29T12:00,XXRPZUSD,SHORT,WIN,3.02,0.5397122913010414,0.477,UNDEFINED,-245491.0,0.135,1.8803
2026-01-29T16:00,XXRPZUSD,SHORT,LOSS,-2.07,0.59507673327766,0.475,TRENDING,-399479.0,0.249,2.0698
2026-01-29T20:00,XXRPZUSD,SHORT,WIN,3.99,0.6132803436120908,0.448,TRENDING,-416305.0,0.202,2.0738
2026-01-30T00:00,XXRPZUSD,LONG,LOSS,-2.39,0.5639820285012003,0.703,TRENDING,-489834.0,0.287,2.3909
2026-01-30T04:00,XXRPZUSD,SHORT,LOSS,-2.46,0.49776454382843954,0.587,UNDEFINED,-402096.0,0.241,2.4612
2026-01-30T08:00,XXRPZUSD,SHORT,WIN,3.8,0.5051435429813148,0.601,TRENDING,-397484.0,0.264,2.5137
2026-01-30T12:00,XXRPZUSD,SHORT,WIN,7.1,0.5485590282335934,0.601,TRENDING,-454915.0,0.312,2.5811
2026-01-30T16:00,XXRPZUSD,SHORT,WIN,10.63,0.5989279498987784,0.46,TRENDING,-332603.0,0.174,2.7111
2026-01-30T20:00,XXRPZUSD,SHORT,WIN,8.78,0.5905011533656223,0.596,TRENDING,-393597.0,0.248,2.8229
2026-01-31T00:00,XXRPZUSD,SHORT,WIN,9.26,0.5723977877382141,0.512,TRENDING,-393962.0,0.291,2.7834
2026-01-31T04:00,XXRPZUSD,SHORT,WIN,7.93,0.5754185070790224,0.406,TRENDING,-459144.0,0.314,2.8719
2026-01-31T08:00,XXRPZUSD,SHORT,WIN,6.99,0.6078696991957149,0.42,TRENDING,-475732.0,0.357,2.8949
2026-01-31T12:00,XXRPZUSD,SHORT,LOSS,-3.29,0.5690488315923051,0.673,TRENDING,-542781.0,0.453,3.289
2026-01-31T16:00,XXRPZUSD,LONG,LOSS,-3.96,0.6267357048470612,0.662,TRENDING,-636665.0,0.525,3.9598
2026-01-31T20:00,XXRPZUSD,SHORT,LOSS,-3.74,0.586268186902004,0.366,TRENDING,-514716.0,0.418,3.7423
2026-02-01T00:00,XXRPZUSD,SHORT,LOSS,-3.57,0.5595388524111646,0.325,TRENDING,-455991.0,0.369,3.5749
2026-02-01T04:00,XXRPZUSD,SHORT,LOSS,-3.58,0.5976326686536307,0.322,TRENDING,-450026.0,0.374,3.5837
2026-02-01T08:00,XXRPZUSD,SHORT,LOSS,-3.36,0.6486577510659732,0.39,TRENDING,-452526.0,0.382,3.3635
2026-02-01T12:00,XXRPZUSD,LONG,LOSS,-3.63,0.5727278393483848,0.427,TRENDING,-508893.0,0.416,3.6292
2026-02-01T16:00,XXRPZUSD,LONG,LOSS,-3.64,0.6037440095500773,0.441,TRENDING,-455856.0,0.409,3.6388
2026-02-01T20:00,XXRPZUSD,LONG,LOSS,-3.75,0.5905404069455711,0.415,TRENDING,-449857.0,0.478,3.7521
2026-02-02T00:00,XXRPZUSD,LONG,LOSS,-3.85,0.6117918109960366,0.399,TRENDING,-444514.0,0.502,3.8453
2026-02-02T04:00,XXRPZUSD,LONG,LOSS,-3.91,0.6460766954047399,0.235,TRENDING,-531513.0,0.549,3.9129
2026-02-02T08:00,XXRPZUSD,LONG,LOSS,-3.93,0.6290096451014431,0.173,UNDEFINED,-449272.0,0.53,3.9313
2026-02-02T12:00,XXRPZUSD,SHORT,LOSS,-3.87,0.6164977163439836,0.021,MEAN_REVERSION,-410189.0,0.471,3.8721
2026-02-02T16:00,XXRPZUSD,SHORT,LOSS,-3.87,0.6108980675172301,0.222,TRENDING,-442305.0,0.491,3.869
2026-02-02T20:00,XXRPZUSD,SHORT,LOSS,-3.58,0.6177685534545428,0.219,TRENDING,-419467.0,0.49,3.5809
2026-02-03T00:00,XXRPZUSD,SHORT,LOSS,-3.1,0.6232331265095795,0.207,TRENDING,-508124.0,0.491,3.0964
2026-02-03T04:00,XXRPZUSD,SHORT,LOSS,-2.84,0.6034458604021473,0.176,UNDEFINED,-467643.0,0.503,2.8429
2026-02-03T08:00,XXRPZUSD,SHORT,LOSS,-2.84,0.5950055968523112,0.024,MEAN_REVERSION,-502130.0,0.495,2.8392
2026-02-03T12:00,XXRPZUSD,SHORT,WIN,4.67,0.5959156303307158,0.21,TRENDING,-458500.0,0.435,2.8805
2026-02-03T16:00,XXRPZUSD,SHORT,LOSS,-3.16,0.6278777830343233,0.004,MEAN_REVERSION,-479961.0,0.431,3.1614
2026-02-03T20:00,XXRPZUSD,SHORT,LOSS,-3.12,0.6437397571569018,0.0,MEAN_REVERSION,-467678.0,0.476,3.1243
2026-02-04T00:00,XXRPZUSD,SHORT,WIN,9.81,0.6521570711843108,0.157,UNDEFINED,-334089.0,0.421,3.0507
2026-02-04T04:00,XXRPZUSD,SHORT,WIN,10.88,0.6039826549094974,0.3,TRENDING,-427103.0,0.43,2.8798
2026-02-04T08:00,XXRPZUSD,SHORT,WIN,14.42,0.5949219356499985,0.272,TRENDING,-536313.0,0.451,2.6615
2026-02-04T12:00,XXRPZUSD,SHORT,WIN,16.07,0.6265727239496557,0.459,TRENDING,-568255.0,0.452,2.7448
2026-02-04T16:00,XXRPZUSD,SHORT,WIN,21.96,0.6793829976954153,0.356,TRENDING,-430339.0,0.436,2.7408
2026-02-04T20:00,XXRPZUSD,SHORT,WIN,19.75,0.5850150916467672,0.508,TRENDING,-449253.0,0.449,2.9506
2026-02-05T00:00,XXRPZUSD,SHORT,WIN,15.94,0.5633625895637869,0.611,TRENDING,-540822.0,0.501,3.3017
2026-02-05T04:00,XXRPZUSD,SHORT,WIN,15.26,0.55930403777929,0.723,TRENDING,-529000.0,0.518,3.4258
2026-02-05T08:00,XXRPZUSD,SHORT,WIN,11.1,0.5690703590304327,0.751,TRENDING,-539910.0,0.537,3.9503
2026-02-05T12:00,XXRPZUSD,LONG,WIN,16.85,0.6008713519409065,0.797,TRENDING,-583570.0,0.573,4.6711
2026-02-05T16:00,XXRPZUSD,LONG,WIN,24.88,0.6415461139528416,0.923,TRENDING,-682089.0,0.578,5.4235
2026-02-05T20:00,XXRPZUSD,LONG,WIN,24.79,0.6457525662657428,0.948,TRENDING,-453224.0,0.435,5.9346
2026-02-06T00:00,XXRPZUSD,LONG,WIN,19.18,0.6505386136116461,0.705,TRENDING,-263400.0,0.335,6.1932
2026-02-06T04:00,XXRPZUSD,LONG,WIN,17.17,0.6625860079021507,0.584,TRENDING,-191597.0,0.281,6.1143
2026-02-06T08:00,XXRPZUSD,LONG,WIN,10.59,0.670900374022689,0.371,TRENDING,-121329.0,0.223,6.1033
2026-02-06T12:00,XXRPZUSD,SHORT,LOSS,-6.28,0.6763741850653127,0.006,MEAN_REVERSION,-20986.0,0.114,6.2799
2026-02-06T16:00,XXRPZUSD,SHORT,LOSS,-6.83,0.6466348735071082,0.026,MEAN_REVERSION,-90129.0,0.181,6.8333
2026-02-06T20:00,XXRPZUSD,SHORT,LOSS,-6.74,0.6415207600398989,0.067,MEAN_REVERSION,-59016.0,0.112,6.7378
2026-02-07T00:00,XXRPZUSD,SHORT,LOSS,-6.73,0.649727610849969,0.211,TRENDING,1827.0,0.062,6.7341
2026-02-07T04:00,XXRPZUSD,SHORT,LOSS,-7.1,0.6196171930651662,0.229,TRENDING,10263.0,0.032,7.1014
2026-02-07T08:00,XXRPZUSD,LONG,LOSS,-7.05,0.6408390712399574,0.395,TRENDING,-18282.0,0.06,7.0458
2026-02-07T12:00,XXRPZUSD,LONG,LOSS,-7.01,0.636487212622673,0.416,TRENDING,-6480.0,0.066,7.0071
2026-02-07T16:00,XXRPZUSD,LONG,LOSS,-6.61,0.6159532867788668,0.366,TRENDING,18822.0,0.039,6.6084
2026-02-07T20:00,XXRPZUSD,LONG,LOSS,-6.17,0.6578465020558774,0.314,TRENDING,44158.0,0.037,6.1739
2026-02-08T00:00,XXRPZUSD,LONG,LOSS,-5.83,0.6523240250904605,0.138,UNDEFINED,1427.0,0.036,5.8252
2026-02-08T04:00,XXRPZUSD,LONG,LOSS,-5.24,0.6498415816329898,0.439,TRENDING,43735.0,0.038,5.2357
2026-02-08T08:00,XXRPZUSD,SHORT,LOSS,-4.42,0.6645392813823974,0.022,MEAN_REVERSION,109798.0,0.021,4.4228
2026-02-08T12:00,XXRPZUSD,SHORT,LOSS,-4.29,0.6604206924052936,0.157,UNDEFINED,132363.0,0.042,4.2881
2026-02-08T16:00,XXRPZUSD,SHORT,LOSS,-3.96,0.7040012711321929,0.127,UNDEFINED,209969.0,0.003,3.9611
2026-02-08T20:00,XXRPZUSD,SHORT,LOSS,-3.28,0.7288735006684666,0.116,UNDEFINED,354198.0,0.015,3.2834
2026-02-09T00:00,XXRPZUSD,SHORT,LOSS,-2.93,0.7561648654368496,0.406,TRENDING,544990.0,0.015,2.9284
2026-02-09T04:00,XXRPZUSD,SHORT,LOSS,-2.85,0.7535869912483192,0.1,UNDEFINED,411211.0,0.005,2.8516
2026-02-09T08:00,XXRPZUSD,LONG,LOSS,-2.93,0.7121746878250342,0.217,TRENDING,233622.0,0.019,2.9287
2026-02-09T12:00,XXRPZUSD,SHORT,LOSS,-2.72,0.7350373878444805,0.103,UNDEFINED,218286.0,0.037,2.7194
2026-02-09T16:00,XXRPZUSD,SHORT,LOSS,-2.65,0.7051942012389878,0.167,UNDEFINED,191839.0,0.03,2.6452
2026-02-09T20:00,XXRPZUSD,SHORT,LOSS,-2.55,0.6962940195470387,0.072,MEAN_REVERSION,-18299.0,0.052,2.5487
2026-02-10T00:00,XXRPZUSD,SHORT,LOSS,-2.47,0.6631938387833014,0.085,MEAN_REVERSION,180698.0,0.09,2.469
2026-02-10T04:00,XXRPZUSD,SHORT,WIN,3.83,0.6655202737015694,0.089,MEAN_REVERSION,32487.0,0.112,2.5432
2026-02-10T08:00,XXRPZUSD,SHORT,LOSS,-2.57,0.7105024544637606,0.204,TRENDING,-79348.0,0.155,2.5716
2026-02-10T12:00,XXRPZUSD,SHORT,LOSS,-2.66,0.684092108099423,0.125,UNDEFINED,-81624.0,0.262,2.6606
2026-02-10T16:00,XXRPZUSD,SHORT,LOSS,-2.63,0.7010164716286791,0.296,TRENDING,-68590.0,0.375,2.6334
2026-02-10T20:00,XXRPZUSD,SHORT,LOSS,-2.51,0.6653159851442935,0.171,UNDEFINED,-194335.0,0.246,2.5071
2026-02-11T00:00,XXRPZUSD,SHORT,LOSS,-2.42,0.6716434095821685,0.1,UNDEFINED,-248516.0,0.141,2.4184
2026-02-11T04:00,XXRPZUSD,LONG,LOSS,-2.54,0.6939575611398268,0.773,TRENDING,-276217.0,0.053,2.5394
2026-02-11T08:00,XXRPZUSD,SHORT,LOSS,-2.46,0.7264764824193245,0.702,TRENDING,-184101.0,0.012,2.4633
2026-02-11T12:00,XXRPZUSD,LONG,LOSS,-2.67,0.6872248939798555,0.725,TRENDING,-276657.0,0.201,2.6699
2026-02-11T16:00,XXRPZUSD,LONG,LOSS,-2.56,0.6744442506626067,0.412,TRENDING,-257686.0,0.034,2.5576
2026-02-11T20:00,XXRPZUSD,LONG,LOSS,-2.47,0.6817575860863131,0.394,TRENDING,-263204.0,0.155,2.4707
2026-02-12T00:00,XXRPZUSD,LONG,LOSS,-2.39,0.696658084253072,0.258,TRENDING,-289032.0,0.197,2.3926
2026-02-12T04:00,XXRPZUSD,SHORT,LOSS,-2.34,0.6775069965089828,0.19,UNDEFINED,-227877.0,0.144,2.3396
2026-02-12T08:00,XXRPZUSD,SHORT,LOSS,-2.34,0.6960536889337846,0.007,MEAN_REVERSION,-235834.0,0.086,2.3372
2026-02-12T12:00,XXRPZUSD,LONG,LOSS,-2.33,0.7035380759934023,0.143,UNDEFINED,-234139.0,0.168,2.3284
2026-02-12T16:00,XXRPZUSD,LONG,LOSS,-2.37,0.6959903500843175,0.225,TRENDING,-251300.0,0.276,2.3704
2026-02-12T20:00,XXRPZUSD,LONG,WIN,3.57,0.7077751131230746,0.031,MEAN_REVERSION,-408454.0,0.283,2.3109
2026-02-13T00:00,XXRPZUSD,LONG,WIN,3.83,0.7063467659617574,0.113,UNDEFINED,-495245.0,0.243,2.2425
2026-02-13T04:00,XXRPZUSD,LONG,WIN,5.11,0.6828495273557462,0.006,MEAN_REVERSION,-484752.0,0.264,2.2976
2026-02-13T08:00,XXRPZUSD,LONG,WIN,7.63,0.6618824721713166,0.102,UNDEFINED,-450718.0,0.294,2.2492
2026-02-13T12:00,XXRPZUSD,LONG,WIN,4.79,0.6599804736626141,0.264,TRENDING,-290216.0,0.192,2.2495
2026-02-13T16:00,XXRPZUSD,LONG,WIN,6.11,0.6568704288145468,0.267,TRENDING,-172631.0,0.169,2.261
2026-02-13T20:00,XXRPZUSD,LONG,WIN,7.26,0.6216680578737598,0.188,UNDEFINED,-158635.0,0.171,2.0366
2026-02-14T00:00,XXRPZUSD,LONG,WIN,7.78,0.6334141435719167,0.119,UNDEFINED,-88755.0,0.178,1.8617
2026-02-14T04:00,XXRPZUSD,LONG,WIN,15.99,0.6525717232872045,0.46,TRENDING,-23952.0,0.141,1.7515
2026-02-14T08:00,XXRPZUSD,LONG,WIN,12.1,0.646473208469231,0.768,TRENDING,19056.0,0.047,1.8574
2026-02-14T12:00,XXRPZUSD,LONG,WIN,12.33,0.6812319439778121,0.747,TRENDING,41518.0,0.15,1.9026
2026-02-14T16:00,XXRPZUSD,LONG,WIN,10.17,0.6557318982968587,0.788,TRENDING,59117.0,0.163,1.9221
2026-02-14T20:00,XXRPZUSD,LONG,WIN,9.33,0.6630976540505602,0.914,TRENDING,226154.0,0.099,1.8995
2026-02-15T00:00,XXRPZUSD,LONG,WIN,8.1,0.6743143179260945,0.915,TRENDING,240197.0,0.025,1.903
2026-02-15T04:00,XXRPZUSD,SHORT,WIN,11.93,0.6521476975832933,0.944,TRENDING,379237.0,0.062,2.2089
2026-02-15T08:00,XXRPZUSD,SHORT,WIN,6.94,0.6920796683374129,0.44,TRENDING,173111.0,0.018,2.7562
2026-02-15T12:00,XXRPZUSD,SHORT,WIN,4.6,0.7242162229090521,0.309,TRENDING,39172.0,0.051,2.9844
2026-02-15T16:00,XXRPZUSD,LONG,LOSS,-3.4,0.7467607867207582,0.085,MEAN_REVERSION,-46970.0,0.067,3.3991
2026-02-15T20:00,XXRPZUSD,SHORT,LOSS,-3.26,0.7414872208696415,0.116,UNDEFINED,40742.0,0.001,3.264
2026-02-16T00:00,XXRPZUSD,LONG,LOSS,-3.31,0.6857127208448281,0.025,MEAN_REVERSION,104129.0,0.029,3.3127
2026-02-16T04:00,XXRPZUSD,LONG,LOSS,-3.36,0.696218872092746,0.02,MEAN_REVERSION,126995.0,0.004,3.3553
2026-02-16T08:00,XXRPZUSD,SHORT,LOSS,-3.49,0.6335366289012024,0.033,MEAN_REVERSION,147563.0,0.001,3.4943
2026-02-16T12:00,XXRPZUSD,SHORT,LOSS,-3.7,0.632128507325782,0.087,MEAN_REVERSION,74453.0,0.002,3.7031
2026-02-16T16:00,XXRPZUSD,SHORT,LOSS,-3.56,0.5583013997486472,0.132,UNDEFINED,96199.0,0.013,3.5621
2026-02-16T20:00,XXRPZUSD,SHORT,LOSS,-3.53,0.525915530597033,0.582,UNDEFINED,50469.0,0.035,3.5344
2026-02-17T00:00,XXRPZUSD,SHORT,LOSS,-3.43,0.5530632029548067,0.402,TRENDING,-28068.0,0.007,3.431
2026-02-17T04:00,XXRPZUSD,SHORT,LOSS,-3.42,0.5802984889462427,0.301,TRENDING,-4236.0,0.018,3.4233
2026-02-17T08:00,XXRPZUSD,LONG,LOSS,-3.42,0.6199325962116209,0.009,MEAN_REVERSION,-51101.0,0.053,3.4158
2026-02-17T12:00,XXRPZUSD,LONG,LOSS,-2.97,0.6003693181247569,0.177,UNDEFINED,8034.0,0.024,2.9703
2026-02-17T16:00,XXRPZUSD,SHORT,WIN,4.21,0.6272661395710384,0.204,TRENDING,32899.0,0.139,2.6312
2026-02-17T20:00,XXRPZUSD,SHORT,LOSS,-2.5,0.6535859277769009,0.1,UNDEFINED,23815.0,0.132,2.5009
2026-02-18T00:00,XXRPZUSD,SHORT,WIN,3.88,0.6853148002427608,0.047,MEAN_REVERSION,481.0,0.137,2.2171
2026-02-18T04:00,XXRPZUSD,SHORT,WIN,4.38,0.6961184045533674,0.12,UNDEFINED,-32882.0,0.154,2.0532
2026-02-18T08:00,XXRPZUSD,SHORT,WIN,3.9,0.6788740108333162,0.069,MEAN_REVERSION,-117487.0,0.135,2.0671
2026-02-18T12:00,XXRPZUSD,SHORT,WIN,5.35,0.7113033897166344,0.087,MEAN_REVERSION,-174810.0,0.107,2.0999
2026-02-18T16:00,XXRPZUSD,SHORT,LOSS,-2.21,0.7275163022165951,0.348,TRENDING,-103402.0,0.023,2.2051
2026-02-18T20:00,XXRPZUSD,SHORT,LOSS,-2.04,0.7315728721852611,0.313,TRENDING,-33044.0,0.025,2.0378
2026-02-19T00:00,XXRPZUSD,SHORT,LOSS,-1.99,0.7395196928922179,0.155,UNDEFINED,88098.0,0.028,1.9878
2026-02-19T04:00,XXRPZUSD,SHORT,LOSS,-2.02,0.7169602577157278,0.161,UNDEFINED,54346.0,0.04,2.0206
2026-02-19T08:00,XXRPZUSD,SHORT,LOSS,-2.09,0.7168008910568363,0.524,TRENDING,69803.0,0.006,2.0914
2026-02-19T12:00,XXRPZUSD,LONG,LOSS,-2.16,0.7541884524611875,0.523,TRENDING,16535.0,0.019,2.1568
2026-02-19T16:00,XXRPZUSD,LONG,LOSS,-2.18,0.7455770865877769,0.435,TRENDING,30446.0,0.019,2.1836
2026-02-19T20:00,XXRPZUSD,LONG,LOSS,-2.11,0.7341458028597294,0.528,TRENDING,130376.0,0.062,2.1054
2026-02-20T00:00,XXRPZUSD,LONG,LOSS,-1.93,0.7122403557186225,0.391,TRENDING,108603.0,0.1,1.9334
2026-02-20T04:00,XXRPZUSD,SHORT,LOSS,-1.93,0.70339009930347,0.427,TRENDING,90832.0,0.16,1.9292
2026-02-20T08:00,XXRPZUSD,LONG,LOSS,-1.98,0.7066650330226011,0.185,UNDEFINED,91717.0,0.078,1.9777
2026-02-20T12:00,XXRPZUSD,LONG,LOSS,-2.13,0.7094812931956326,0.067,MEAN_REVERSION,213484.0,0.081,2.1349
2026-02-20T16:00,XXRPZUSD,LONG,LOSS,-2.15,0.7181883825564783,0.047,MEAN_REVERSION,188562.0,0.105,2.1521
2026-02-20T20:00,XXRPZUSD,LONG,LOSS,-2.04,0.7166974674388397,0.031,MEAN_REVERSION,125999.0,0.074,2.042
2026-02-21T00:00,XXRPZUSD,LONG,LOSS,-1.83,0.708631169687255,0.168,UNDEFINED,-3960.0,0.087,1.827
2026-02-21T04:00,XXRPZUSD,LONG,LOSS,-1.76,0.7186967150455675,0.367,TRENDING,89699.0,0.112,1.7617
2026-02-21T08:00,XXRPZUSD,SHORT,LOSS,-1.76,0.7266253376919342,0.356,TRENDING,60188.0,0.083,1.7638
2026-02-21T12:00,XXRPZUSD,SHORT,WIN,3.94,0.7055949950613111,0.481,TRENDING,109679.0,0.216,1.7356
2026-02-21T16:00,XXRPZUSD,SHORT,WIN,3.94,0.6936539158326422,0.334,TRENDING,108276.0,0.164,1.6876
2026-02-21T20:00,XXRPZUSD,SHORT,WIN,3.07,0.6861121511889635,0.114,UNDEFINED,20112.0,0.116,1.6255
2026-02-22T00:00,XXRPZUSD,SHORT,WIN,5.78,0.6967810638099106,0.2,UNDEFINED,89331.0,0.117,1.5268
2026-02-22T04:00,XXRPZUSD,SHORT,WIN,5.62,0.7103566097678123,0.116,UNDEFINED,130501.0,0.115,1.4748
2026-02-22T08:00,XXRPZUSD,SHORT,WIN,5.77,0.7269075494385875,0.001,MEAN_REVERSION,102549.0,0.158,1.3953
2026-02-22T12:00,XXRPZUSD,SHORT,WIN,3.74,0.7147068469978128,0.396,TRENDING,-22641.0,0.042,1.4978
2026-02-22T16:00,XXRPZUSD,SHORT,WIN,3.27,0.6835183967566837,0.416,TRENDING,-18921.0,0.067,1.4354
2026-02-22T20:00,XXRPZUSD,SHORT,WIN,3.7,0.689566109983598,0.41,TRENDING,133554.0,0.016,1.2732
2026-02-23T00:00,XXRPZUSD,LONG,WIN,4.15,0.6437568331222844,0.774,TRENDING,-185055.0,0.146,1.4995
2026-02-23T04:00,XXRPZUSD,SHORT,WIN,3.3,0.6679722332116952,0.506,TRENDING,-81203.0,0.109,1.6003
2026-02-23T08:00,XXRPZUSD,SHORT,WIN,5.06,0.6025989108221291,0.267,TRENDING,-78660.0,0.067,1.7249
2026-02-23T12:00,XXRPZUSD,SHORT,WIN,3.28,0.54686635057084,0.316,UNDEFINED,-188004.0,0.163,2.0014
2026-02-23T16:00,XXRPZUSD,SHORT,LOSS,-2.08,0.5311912102905,0.341,UNDEFINED,-243262.0,0.169,2.0788
2026-02-23T20:00,XXRPZUSD,SHORT,LOSS,-2.03,0.5880907867522744,0.352,TRENDING,-461208.0,0.168,2.0264
2026-02-24T00:00,XXRPZUSD,LONG,LOSS,-2.16,0.612929656767346,0.427,TRENDING,-458939.0,0.234,2.1595
2026-02-24T04:00,XXRPZUSD,LONG,LOSS,-2.21,0.6073702810093581,0.352,TRENDING,-522654.0,0.29,2.2059
2026-02-24T08:00,XXRPZUSD,LONG,WIN,3.79,0.6023973850735149,0.277,TRENDING,-476854.0,0.26,2.1862
2026-02-24T12:00,XXRPZUSD,LONG,WIN,6.67,0.6230793112772414,0.201,TRENDING,-375932.0,0.146,2.3232
2026-02-24T16:00,XXRPZUSD,LONG,WIN,8.17,0.6494535727877793,0.095,MEAN_REVERSION,-260477.0,0.128,2.3861
2026-02-24T20:00,XXRPZUSD,LONG,WIN,8.77,0.6580840589568594,0.171,UNDEFINED,-367513.0,0.143,2.3164
2026-02-25T00:00,XXRPZUSD,LONG,WIN,7.09,0.6298599270877765,0.21,TRENDING,-157885.0,0.041,2.5266
2026-02-25T04:00,XXRPZUSD,LONG,WIN,7.39,0.7020967975738137,0.049,MEAN_REVERSION,-152413.0,0.067,2.5346
2026-02-25T08:00,XXRPZUSD,LONG,WIN,5.99,0.6419168334613282,0.24,TRENDING,-108322.0,0.034,2.279
2026-02-25T12:00,XXRPZUSD,LONG,LOSS,-2.3,0.6059438961320408,0.551,TRENDING,50251.0,0.004,2.3011
2026-02-25T16:00,XXRPZUSD,SHORT,WIN,4.04,0.6489742514340839,0.806,TRENDING,158496.0,0.139,2.2378
2026-02-25T20:00,XXRPZUSD,SHORT,LOSS,-2.38,0.6178918724767771,0.549,TRENDING,57326.0,0.009,2.3765
2026-02-26T00:00,XXRPZUSD,SHORT,LOSS,-2.36,0.6268853478981131,0.552,TRENDING,127961.0,0.072,2.3614
2026-02-26T04:00,XXRPZUSD,SHORT,LOSS,-2.49,0.654119225978527,0.441,TRENDING,39105.0,0.005,2.4863
2026-02-26T08:00,XXRPZUSD,SHORT,WIN,3.71,0.672747851816676,0.437,TRENDING,149303.0,0.007,2.4239
2026-02-26T12:00,XXRPZUSD,SHORT,WIN,4.47,0.6581550871534205,0.377,TRENDING,47303.0,0.073,2.5391
2026-02-26T16:00,XXRPZUSD,SHORT,LOSS,-2.7,0.6526467213659504,0.203,TRENDING,-41063.0,0.115,2.7008
2026-02-26T20:00,XXRPZUSD,SHORT,LOSS,-2.63,0.6159651927445855,0.197,UNDEFINED,-17980.0,0.119,2.6322
2026-02-27T00:00,XXRPZUSD,SHORT,WIN,4.06,0.6034984340282411,0.138,UNDEFINED,47174.0,0.097,2.6119
2026-02-27T04:00,XXRPZUSD,SHORT,WIN,8.02,0.6112111515743024,0.197,UNDEFINED,92524.0,0.076,2.5727
2026-02-27T08:00,XXRPZUSD,SHORT,WIN,6.54,0.6242339740940037,0.619,TRENDING,98600.0,0.102,2.5649
2026-02-27T12:00,XXRPZUSD,SHORT,WIN,4.76,0.6206279348215886,0.598,TRENDING,19219.0,0.143,2.67
2026-02-27T16:00,XXRPZUSD,SHORT,WIN,4.27,0.6354673780298362,0.728,TRENDING,-70004.0,0.188,2.7124
2026-02-27T20:00,XXRPZUSD,SHORT,WIN,4.65,0.6073611981995348,0.633,TRENDING,-95464.0,0.187,2.4534
2026-02-28T00:00,XXRPZUSD,LONG,WIN,4.7,0.6115786430431821,0.675,TRENDING,-176999.0,0.147,2.3123
2026-02-28T04:00,XXRPZUSD,LONG,WIN,8.87,0.6256966284888568,0.75,TRENDING,-201733.0,0.208,2.3651
2026-02-28T08:00,XXRPZUSD,LONG,WIN,9.72,0.6119728453066355,0.744,TRENDING,-361571.0,0.257,2.4239
2026-02-28T12:00,XXRPZUSD,LONG,WIN,7.17,0.5991751579329662,0.439,TRENDING,-268892.0,0.175,2.4732
2026-02-28T16:00,XXRPZUSD,LONG,WIN,4.71,0.6611518439569954,0.258,TRENDING,-222556.0,0.103,2.5294
2026-02-28T20:00,XXRPZUSD,LONG,LOSS,-2.51,0.6773010880912873,0.185,UNDEFINED,-258750.0,0.04,2.5103
2026-03-01T00:00,XXRPZUSD,SHORT,WIN,4.67,0.7063819474663035,0.155,UNDEFINED,-300990.0,0.026,2.5693
2026-03-01T04:00,XXRPZUSD,SHORT,LOSS,-2.65,0.6921241083310047,0.181,UNDEFINED,-237094.0,0.025,2.6484
2026-03-01T08:00,XXRPZUSD,SHORT,LOSS,-2.75,0.6936487912278875,0.107,UNDEFINED,-331068.0,0.007,2.7539
2026-03-01T12:00,XXRPZUSD,SHORT,LOSS,-2.87,0.690821258366647,0.094,MEAN_REVERSION,-249522.0,0.008,2.8747
2026-03-01T16:00,XXRPZUSD,LONG,LOSS,-2.85,0.6794371211483919,0.005,MEAN_REVERSION,-287535.0,0.063,2.8487
2026-03-01T20:00,XXRPZUSD,LONG,LOSS,-2.87,0.7173111944850459,0.24,TRENDING,-289113.0,0.087,2.8686
2026-03-02T00:00,XXRPZUSD,LONG,LOSS,-2.84,0.7047604712161005,0.371,TRENDING,-192207.0,0.14,2.8385
2026-03-02T04:00,XXRPZUSD,LONG,LOSS,-2.99,0.6802887214133578,0.107,UNDEFINED,-187881.0,0.143,2.9946
2026-03-02T08:00,XXRPZUSD,LONG,LOSS,-3.05,0.6534150346690153,0.022,MEAN_REVERSION,-149354.0,0.123,3.0488
2026-03-02T12:00,XXRPZUSD,SHORT,LOSS,-3.02,0.6761711802867219,0.112,UNDEFINED,-35694.0,0.113,3.0208
2026-03-02T16:00,XXRPZUSD,SHORT,LOSS,-3.03,0.6882876022439104,0.103,UNDEFINED,-109624.0,0.251,3.0335
2026-03-02T20:00,XXRPZUSD,SHORT,LOSS,-2.86,0.6830461552229349,0.049,MEAN_REVERSION,-51711.0,0.21,2.863
2026-03-03T00:00,XXRPZUSD,SHORT,LOSS,-2.81,0.6585475417877886,0.019,MEAN_REVERSION,-7830.0,0.286,2.814
2026-03-03T04:00,XXRPZUSD,LONG,LOSS,-2.71,0.6558358852473126,0.086,MEAN_REVERSION,-51745.0,0.263,2.7138
2026-03-03T08:00,XXRPZUSD,LONG,LOSS,-2.52,0.6536878580629549,0.021,MEAN_REVERSION,-74963.0,0.298,2.521
2026-03-03T12:00,XXRPZUSD,LONG,WIN,7.29,0.6881456125334537,0.074,MEAN_REVERSION,60772.0,0.2,2.5101
2026-03-03T16:00,XXRPZUSD,LONG,WIN,7.45,0.6485604441474797,0.078,MEAN_REVERSION,86881.0,0.182,2.52
2026-03-03T20:00,XXRPZUSD,LONG,WIN,7.57,0.6670357090456307,0.122,UNDEFINED,-4908.0,0.18,2.4125
2026-03-04T00:00,XXRPZUSD,LONG,WIN,8.18,0.5749850240131448,0.02,MEAN_REVERSION,-88974.0,0.201,2.3883
2026-03-04T04:00,XXRPZUSD,LONG,WIN,6.42,0.5240406599677493,0.268,UNDEFINED,-160378.0,0.204,2.3383
2026-03-04T08:00,XXRPZUSD,LONG,WIN,4.64,0.5889804527356072,0.017,MEAN_REVERSION,-166674.0,0.135,2.4425
2026-03-04T12:00,XXRPZUSD,SHORT,LOSS,-2.56,0.582778452466977,0.435,TRENDING,-8284.0,0.008,2.5564
2026-03-04T16:00,XXRPZUSD,SHORT,LOSS,-2.64,0.5722074819151406,0.531,TRENDING,-87921.0,0.003,2.637
2026-03-04T20:00,XXRPZUSD,SHORT,LOSS,-2.52,0.5539979898984089,0.379,TRENDING,-155639.0,0.044,2.5158
2026-03-05T00:00,XXRPZUSD,LONG,LOSS,-2.44,0.604327419538896,0.375,TRENDING,-155650.0,0.045,2.4409
2026-03-05T04:00,XXRPZUSD,LONG,LOSS,-2.46,0.5959617837753068,0.283,TRENDING,-112922.0,0.017,2.4642
2026-03-05T08:00,XXRPZUSD,SHORT,LOSS,-2.5,0.5938718123661676,0.382,TRENDING,-120083.0,0.043,2.4977
2026-03-05T12:00,XXRPZUSD,SHORT,WIN,4.26,0.5679219588314403,0.265,TRENDING,-135501.0,0.034,2.6008
2026-03-05T16:00,XXRPZUSD,SHORT,LOSS,-2.62,0.5712158235771108,0.272,TRENDING,-227448.0,0.113,2.6175
2026-03-05T20:00,XXRPZUSD,SHORT,LOSS,-2.54,0.5884007179587988,0.147,UNDEFINED,-399657.0,0.183,2.5439
2026-03-06T00:00,XXRPZUSD,SHORT,LOSS,-2.46,0.6211583986433795,0.038,MEAN_REVERSION,-270577.0,0.221,2.4572
2026-03-06T04:00,XXRPZUSD,SHORT,LOSS,-2.44,0.6244597173726151,0.514,TRENDING,-218090.0,0.193,2.4374
2026-03-06T08:00,XXRPZUSD,SHORT,LOSS,-2.41,0.6224433063903483,0.539,TRENDING,-181669.0,0.188,2.4126
2026-03-06T12:00,XXRPZUSD,LONG,LOSS,-2.56,0.5762815515329931,0.582,TRENDING,-224002.0,0.248,2.5551
2026-03-06T16:00,XXRPZUSD,SHORT,LOSS,-2.35,0.5639493682968312,0.452,TRENDING,-127919.0,0.203,2.3491
2026-03-06T20:00,XXRPZUSD,SHORT,LOSS,-2.01,0.599453915866098,0.425,TRENDING,-284701.0,0.187,2.0098
2026-03-07T00:00,XXRPZUSD,SHORT,LOSS,-1.87,0.5618879557759991,0.726,TRENDING,-229255.0,0.202,1.871
2026-03-07T04:00,XXRPZUSD,SHORT,LOSS,-1.66,0.5534808661019703,0.633,TRENDING,-189348.0,0.18,1.6575
2026-03-07T08:00,XXRPZUSD,SHORT,LOSS,-1.6,0.6031320286947283,0.539,TRENDING,-163474.0,0.217,1.6023
2026-03-07T12:00,XXRPZUSD,SHORT,LOSS,-1.57,0.6043479976998632,0.574,TRENDING,-191993.0,0.345,1.5736
2026-03-07T16:00,XXRPZUSD,LONG,LOSS,-1.45,0.623783916666237,0.632,TRENDING,-315337.0,0.277,1.4467
2026-03-07T20:00,XXRPZUSD,SHORT,LOSS,-1.31,0.6278205498086572,0.561,TRENDING,-548449.0,0.242,1.3135
2026-03-08T00:00,XXRPZUSD,LONG,LOSS,-1.26,0.6367579499816536,0.539,TRENDING,-468662.0,0.217,1.2579
2026-03-08T04:00,XXRPZUSD,SHORT,LOSS,-1.26,0.6462763809051029,0.06,MEAN_REVERSION,-382311.0,0.188,1.2614
2026-03-08T08:00,XXRPZUSD,SHORT,LOSS,-1.27,0.6486603556884523,0.11,UNDEFINED,-364253.0,0.158,1.2655
2026-03-08T12:00,XXRPZUSD,LONG,LOSS,-1.28,0.6664445092936684,0.261,TRENDING,-349484.0,0.267,1.2764
2026-03-08T16:00,XXRPZUSD,LONG,LOSS,-1.3,0.6363894447229606,0.129,UNDEFINED,-370157.0,0.211,1.3002
2026-03-08T20:00,XXRPZUSD,LONG,WIN,2.48,0.6403704586600159,0.303,TRENDING,-375790.0,0.23,1.2833
2026-03-09T00:00,XXRPZUSD,LONG,LOSS,-1.31,0.6430080956842437,0.202,TRENDING,-203902.0,0.178,1.3099
2026-03-09T04:00,XXRPZUSD,LONG,WIN,3.48,0.6580263028492114,0.182,UNDEFINED,-178513.0,0.204,1.3592
2026-03-09T08:00,XXRPZUSD,LONG,WIN,3.02,0.6393243184944734,0.006,MEAN_REVERSION,-234645.0,0.283,1.4044
2026-03-09T12:00,XXRPZUSD,LONG,WIN,5.17,0.6279765265581441,0.037,MEAN_REVERSION,-165506.0,0.412,1.4713
2026-03-09T16:00,XXRPZUSD,LONG,WIN,4.16,0.6232628067412191,0.236,TRENDING,-73617.0,0.273,1.5489
2026-03-09T20:00,XXRPZUSD,LONG,WIN,4.95,0.6415570893554018,0.029,MEAN_REVERSION,38964.0,0.24,1.5793
2026-03-10T00:00,XXRPZUSD,LONG,WIN,4.04,0.6489212281913703,0.151,UNDEFINED,-131.0,0.173,1.64
2026-03-10T04:00,XXRPZUSD,LONG,WIN,3.14,0.646307148875751,0.359,TRENDING,171918.0,0.128,1.6671
2026-03-10T08:00,XXRPZUSD,LONG,WIN,2.87,0.6408710220954068,0.319,TRENDING,267908.0,0.077,1.7477
2026-03-10T12:00,XXRPZUSD,SHORT,WIN,3.98,0.601185764350755,0.687,TRENDING,362037.0,0.07,1.8988
2026-03-10T16:00,XXRPZUSD,SHORT,LOSS,-2.17,0.563518091433182,0.211,TRENDING,215039.0,0.077,2.1665
2026-03-10T20:00,XXRPZUSD,SHORT,LOSS,-2.17,0.5877315208274815,0.294,TRENDING,274054.0,0.14,2.1661
2026-03-11T00:00,XXRPZUSD,LONG,LOSS,-2.14,0.6413615367213304,0.189,UNDEFINED,247940.0,0.074,2.1384
2026-03-11T04:00,XXRPZUSD,LONG,LOSS,-2.02,0.6442314069647143,0.126,UNDEFINED,211101.0,0.041,2.0193
2026-03-11T08:00,XXRPZUSD,LONG,LOSS,-1.93,0.618306452072341,0.002,MEAN_REVERSION,227691.0,0.045,1.9277
2026-03-11T12:00,XXRPZUSD,SHORT,LOSS,-2.0,0.6049348956627858,0.144,UNDEFINED,314265.0,0.244,1.997
2026-03-11T16:00,XXRPZUSD,SHORT,LOSS,-2.01,0.6186773555245545,0.119,UNDEFINED,408903.0,0.269,2.0056
2026-03-11T20:00,XXRPZUSD,SHORT,LOSS,-1.97,0.6234670999256864,0.021,MEAN_REVERSION,392360.0,0.319,1.9711
2026-03-12T00:00,XXRPZUSD,LONG,LOSS,-1.92,0.6455250375996082,0.126,UNDEFINED,326707.0,0.269,1.924
2026-03-12T04:00,XXRPZUSD,LONG,LOSS,-1.88,0.6340162898683233,0.571,TRENDING,438935.0,0.269,1.8841
2026-03-12T08:00,XXRPZUSD,LONG,LOSS,-1.8,0.6477368275995887,0.037,MEAN_REVERSION,435837.0,0.289,1.8047
2026-03-12T12:00,XXRPZUSD,LONG,WIN,2.98,0.6795475254821146,0.103,UNDEFINED,354110.0,0.228,1.8667
2026-03-12T16:00,XXRPZUSD,LONG,WIN,3.02,0.6846450493371355,0.006,MEAN_REVERSION,281382.0,0.199,1.7831
2026-03-12T20:00,XXRPZUSD,LONG,WIN,2.55,0.6780773480238848,0.098,MEAN_REVERSION,272576.0,0.219,1.5561
2026-03-13T00:00,XXRPZUSD,SHORT,LOSS,-1.44,0.6698350234444915,0.43,TRENDING,334210.0,0.311,1.4423
2026-03-13T04:00,XXRPZUSD,SHORT,LOSS,-1.46,0.6562779303862312,0.39,TRENDING,438769.0,0.351,1.4575
2026-03-13T08:00,XXRPZUSD,SHORT,LOSS,-1.51,0.6784374632248414,0.37,TRENDING,464723.0,0.403,1.5059
2026-03-13T12:00,XXRPZUSD,SHORT,LOSS,-1.66,0.6910720409339292,0.286,TRENDING,259278.0,0.268,1.6617
2026-03-13T16:00,XXRPZUSD,SHORT,LOSS,-1.75,0.6837999220575105,0.323,TRENDING,128615.0,0.193,1.7535
2026-03-13T20:00,XXRPZUSD,SHORT,LOSS,-1.63,0.7132317743564023,0.272,TRENDING,26354.0,0.214,1.6282
2026-03-14T00:00,XXRPZUSD,LONG,LOSS,-1.55,0.6438030338244871,0.178,UNDEFINED,104109.0,0.203,1.5487
2026-03-14T04:00,XXRPZUSD,LONG,LOSS,-1.58,0.615739087072597,0.211,TRENDING,66118.0,0.205,1.578
2026-03-14T08:00,XXRPZUSD,LONG,LOSS,-1.54,0.585061041728803,0.184,UNDEFINED,88241.0,0.192,1.5429
2026-03-14T12:00,XXRPZUSD,LONG,LOSS,-1.52,0.6633180577170554,0.077,MEAN_REVERSION,89480.0,0.155,1.52
2026-03-14T16:00,XXRPZUSD,LONG,LOSS,-1.46,0.6421059943666376,0.513,TRENDING,110799.0,0.141,1.4576
2026-03-14T20:00,XXRPZUSD,LONG,WIN,3.03,0.6222848488262236,0.156,UNDEFINED,46444.0,0.184,1.4042
2026-03-15T00:00,XXRPZUSD,LONG,WIN,3.91,0.624695132134569,0.15,UNDEFINED,54.0,0.189,1.4054
2026-03-15T04:00,XXRPZUSD,LONG,WIN,5.32,0.6322881563196638,0.026,MEAN_REVERSION,-30203.0,0.137,1.3953
2026-03-15T08:00,XXRPZUSD,LONG,WIN,4.45,0.6580406530299946,0.353,TRENDING,10010.0,0.097,1.2452
2026-03-15T12:00,XXRPZUSD,LONG,WIN,5.48,0.630087439719784,0.304,TRENDING,-48883.0,0.004,1.2266
2026-03-15T16:00,XXRPZUSD,LONG,WIN,8.2,0.6215540938124925,0.22,TRENDING,-106198.0,0.041,1.1782
2026-03-15T20:00,XXRPZUSD,LONG,WIN,6.48,0.6366294617081695,0.647,TRENDING,55308.0,0.083,1.1917
2026-03-16T00:00,XXRPZUSD,LONG,WIN,5.22,0.6225160237863272,0.748,TRENDING,148109.0,0.139,1.2696
2026-03-16T04:00,XXRPZUSD,LONG,WIN,4.14,0.6134783851996302,0.811,TRENDING,176972.0,0.193,1.2793
2026-03-16T08:00,XXRPZUSD,LONG,WIN,5.04,0.5607585490779861,0.628,TRENDING,30794.0,0.173,1.353
2026-03-16T12:00,XXRPZUSD,LONG,WIN,3.41,0.5986730407025097,0.648,TRENDING,95286.0,0.203,1.4644
2026-03-16T16:00,XXRPZUSD,SHORT,LOSS,-1.63,0.5978059410900523,0.713,TRENDING,161577.0,0.239,1.629
2026-03-16T20:00,XXRPZUSD,SHORT,LOSS,-1.72,0.57454712888732,0.779,TRENDING,418071.0,0.295,1.7192
2026-03-17T00:00,XXRPZUSD,SHORT,LOSS,-2.02,0.5794798459487328,0.764,TRENDING,651986.0,0.419,2.0226
2026-03-17T04:00,XXRPZUSD,SHORT,LOSS,-2.17,0.5608030998358783,0.659,TRENDING,593546.0,0.36,2.1747
2026-03-17T08:00,XXRPZUSD,LONG,LOSS,-2.26,0.5533189785255577,0.508,TRENDING,533533.0,0.319,2.2631
2026-03-17T12:00,XXRPZUSD,SHORT,WIN,4.75,0.5687426094462604,0.409,TRENDING,580247.0,0.392,2.3149
2026-03-17T16:00,XXRPZUSD,SHORT,WIN,5.9,0.6026564532080354,0.41,TRENDING,619434.0,0.451,2.4063
2026-03-17T20:00,XXRPZUSD,SHORT,WIN,5.02,0.6020155658247579,0.226,TRENDING,598644.0,0.419,2.4405
2026-03-18T00:00,XXRPZUSD,SHORT,WIN,6.29,0.5820770787722271,0.417,TRENDING,614625.0,0.407,2.4789
2026-03-18T04:00,XXRPZUSD,SHORT,WIN,5.13,0.5895224123850586,0.167,UNDEFINED,586945.0,0.367,2.3801
2026-03-18T08:00,XXRPZUSD,SHORT,LOSS,-2.42,0.5670372024364605,0.249,TRENDING,536321.0,0.313,2.4233
2026-03-18T12:00,XXRPZUSD,LONG,LOSS,-2.66,0.5689320884626444,0.532,TRENDING,503674.0,0.366,2.6583
2026-03-18T16:00,XXRPZUSD,LONG,LOSS,-2.68,0.5966674612853856,0.485,TRENDING,532359.0,0.461,2.679
2026-03-18T20:00,XXRPZUSD,SHORT,LOSS,-2.59,0.6117773666395646,0.33,TRENDING,605489.0,0.524,2.5867
2026-03-19T00:00,XXRPZUSD,SHORT,LOSS,-2.43,0.590540985908332,0.192,UNDEFINED,628021.0,0.526,2.4304
2026-03-19T04:00,XXRPZUSD,SHORT,LOSS,-2.46,0.6588740824195503,0.272,TRENDING,559169.0,0.497,2.4611
2026-03-19T08:00,XXRPZUSD,SHORT,LOSS,-2.2,0.6591255559444644,0.414,TRENDING,526118.0,0.486,2.2025
2026-03-19T12:00,XXRPZUSD,LONG,LOSS,-2.17,0.6628472096311002,0.452,TRENDING,417483.0,0.425,2.1728
2026-03-19T16:00,XXRPZUSD,SHORT,LOSS,-2.16,0.6317137927641244,0.51,TRENDING,462839.0,0.435,2.1569
2026-03-19T20:00,XXRPZUSD,SHORT,LOSS,-2.09,0.679529252150342,0.433,TRENDING,423214.0,0.438,2.0853
2026-03-20T00:00,XXRPZUSD,SHORT,LOSS,-1.96,0.7180087699398054,0.258,TRENDING,380918.0,0.44,1.9647
2026-03-20T04:00,XXRPZUSD,SHORT,LOSS,-1.96,0.7114164045220192,0.124,UNDEFINED,361641.0,0.486,1.963
2026-03-20T08:00,XXRPZUSD,SHORT,LOSS,-1.94,0.7275013292527073,0.002,MEAN_REVERSION,158235.0,0.449,1.9375
2026-03-20T12:00,XXRPZUSD,LONG,LOSS,-1.95,0.7439847961676189,0.303,TRENDING,197171.0,0.451,1.9455
2026-03-20T16:00,XXRPZUSD,LONG,LOSS,-1.82,0.7018330989121193,0.464,TRENDING,202557.0,0.439,1.8229
2026-03-20T20:00,XXRPZUSD,SHORT,LOSS,-1.67,0.6795552971364314,0.202,TRENDING,155948.0,0.421,1.6699
2026-03-21T00:00,XXRPZUSD,SHORT,WIN,2.55,0.6228928977649717,0.159,UNDEFINED,81107.0,0.412,1.549
2026-03-21T04:00,XXRPZUSD,SHORT,WIN,2.83,0.6937568622041634,0.221,TRENDING,92972.0,0.378,1.4261
2026-03-21T08:00,XXRPZUSD,SHORT,WIN,3.59,0.658753337409968,0.062,MEAN_REVERSION,9322.0,0.393,1.3599
